slug,ats,career_page,notes,hq_country
7shifts,greenhouse,,,Canada
abcellera,greenhouse,,,Canada
ada18,greenhouse,,,Canada
alayacare,greenhouse,,,Canada
aspectbiosystems,greenhouse,,,Canada
athinkingape,greenhouse,,,Canada
cardata,greenhouse,,,Canada
clutch,greenhouse,,,Canada
coconutsoftware,greenhouse,,,Canada
colabsoftware,greenhouse,,,Canada
coveoen,greenhouse,,,Canada
d2l,greenhouse,,,Canada
flighthub,greenhouse,,,Canada
globalrelay,greenhouse,,,Canada
hive,greenhouse,,,Canada
informal,greenhouse,,,Canada
kano,greenhouse,,,Canada
knak,greenhouse,,,Canada
konradgroup,greenhouse,,,Canada
later,greenhouse,,,Canada
mejuri,greenhouse,,,Canada
poka,greenhouse,,,Canada
qohash,greenhouse,,,Canada
shakepay,greenhouse,,,Canada
tenstorrent,greenhouse,,,Canada
thoughtexchange,greenhouse,,,Canada
tribalscale,greenhouse,,,Canada
unbounce,greenhouse,,,Canada
versaterm,greenhouse,,,Canada
visiersolutionsinc,greenhouse,,,Canada
vooban,greenhouse,,,Canada
workleap,greenhouse,,,Canada
aon3d,greenhouse,,,Canada
bolster,greenhouse,,,Canada
achievers,lever,,,Canada
altaml,lever,,,Canada
applydigital,lever,,,Canada
ataccama,greenhouse,https://job-boards.greenhouse.io/ataccama,,Czech Republic
attabotics,lever,,,Canada
bluecatnetworks,lever,,,Canada
caseware,lever,,,Canada
cirquedusoleil,lever,,,Canada
crowdriff,lever,,,Canada
d2l,lever,,,Canada
dilitrust,lever,,,Canada
eqbank,lever,,,Canada
fullscript,lever,,,Canada
getmaple,lever,,,Canada
kabam,lever,,,Canada
kepler,lever,,,Canada
knix,lever,,,Canada
loblawdigital,lever,,,Canada
magnetforensics,lever,,,Canada
minesense,lever,,,Canada
osedea,lever,,,Canada
PocketHealth,lever,,,Canada
pointclickcare,lever,,,Canada
policyme,lever,,,Canada
Potloc,lever,,,Canada
quandri,lever,,,Canada
sprypointservices,lever,,,Canada
tealbook,lever,,,Canada
telesat,lever,,,Canada
tracktik,lever,,,Canada
versapay,lever,,,Canada
waveapps,lever,,,Canada
zensurance,lever,,,Canada
absorblms,ashby,,,Canada
benevity,ashby,,,Canada
docebo,ashby,,,Canada
felix,ashby,,,Canada
float,ashby,,,Canada
hive.co,ashby,,,Canada
hopper,ashby,,,Canada
jane,ashby,,,Canada
jobber,greenhouse,https://job-boards.greenhouse.io/jobber,,Canada
joinsherpa,ashby,,,Canada
kepler,ashby,,,Canada
klue,ashby,,,Canada
lightspeedhq,ashby,,,Canada
litmus,ashby,https://www.litmus.com/careers,,US
loopio,ashby,,,Canada
neofinancial,ashby,,,Canada
procurify,ashby,,,Canada
relayfi,ashby,,,Canada
resq,ashby,,,Canada
rewind,ashby,,,Canada
Rose%20Rocket,ashby,,,Canada
salesjack,ashby,,,Canada
solink,ashby,,,Canada
stay22,ashby,,,Canada
steel,ashby,,,Canada
telus-digital,ashby,,,Canada
top-hat,ashby,,,Canada
trulioo,ashby,,,Canada
vantageanalytics,ashby,,,Canada
visier,ashby,,,Canada
alchemy,ashby,,,Canada
tilt,ashby,,,Canada
switchboard,ashby,,,Canada
convictional,ashby,,,Canada
nomic,ashby,,,Canada
flint,ashby,,,Canada
pave,ashby,,,Canada
phoenix,ashby,,,Canada
decodahealth,ashby,,,Canada
applyboard,workable,,,Canada
aviso,workable,,,Canada
big-viking-games-3,workable,,,Canada
cgi,workable,,,Canada
citylitics,workable,,,Canada
cofomo,workable,,,Canada
dovico,workable,,,Canada
fundthrough-3,workable,,,Canada
genetec-inc,workable,,,Canada
ghgsat,workable,,,Canada
greentank,workable,,,Canada
intact,workable,,,Canada
keycafe,workable,,,Canada
makeship,workable,,,Canada
mealsuite,workable,,,Canada
ndax,workable,,,Canada
nuvei,workable,,,Canada
nventive,workable,,,Canada
optix,workable,,,Canada
qracorp,workable,,,Canada
tribalscale,workable,,,Canada
validere,workable,,,Canada
vendasta,workable,,,Canada
amilia,recruitee,,,Canada
medmehealth,recruitee,,,Canada
Assent,smartrecruiters,,,Canada
CloudDXInc,smartrecruiters,,,Canada
Desjardins,smartrecruiters,,,Canada
MDA,smartrecruiters,,,Canada
NavBlue,smartrecruiters,,,Canada
Q4Inc,smartrecruiters,,,Canada
gbatteries,smartrecruiters,,,Canada
cocusocial,smartrecruiters,,,Canada
addepar1,greenhouse,,,
adyen,greenhouse,,,
affinity,greenhouse,,,
agilesix,greenhouse,,,
airbnb,greenhouse,,,
alphasense,greenhouse,,,
altoslabs,greenhouse,,,
andurilindustries,greenhouse,,,
archer56,greenhouse,,,
archera,greenhouse,,,
array,greenhouse,https://job-boards.greenhouse.io/array,,United States
asana,greenhouse,,,
b12,greenhouse,,,
baton,greenhouse,,,
block,greenhouse,,,
buildkite,greenhouse,,,
carefeed,greenhouse,,,
cellanome,greenhouse,,,
cortex,greenhouse,,,
cloudflare,greenhouse,,,
coast,greenhouse,,,
cognite,greenhouse,,,
coursera,greenhouse,,,
dittoliveincorporated,greenhouse,,,
doubleverify,greenhouse,,,
dropbox,greenhouse,,,
emarketer,greenhouse,,,
emergentlabsinc,greenhouse,,,
fingerprint,greenhouse,,,
finnapp,greenhouse,,,
five9,greenhouse,,,
flywheeldigital,greenhouse,,,
galileo,greenhouse,,,
gitlab,greenhouse,,,
givedirectly,greenhouse,,,
goatgroup,greenhouse,,,
goprocareers,greenhouse,,,
grafanalabs,greenhouse,,,
hightouch,greenhouse,,,
honeycomb,greenhouse,,,
hopscotchprimarycare,greenhouse,,,
houseaccount,greenhouse,,,
humansignal,greenhouse,,,
ionq,greenhouse,,,
jaris,greenhouse,,,
justworks,greenhouse,https://job-boards.greenhouse.io/justworks,,United States
kinelo,greenhouse,,,
koboldmetals,greenhouse,,,
latana,greenhouse,,,
launchdarkly,greenhouse,,,
lightningai,greenhouse,,,
lithic,greenhouse,https://job-boards.greenhouse.io/lithic,,US
locusrobotics,greenhouse,,,
lokalise,greenhouse,,,
loop,greenhouse,,,
lumos,greenhouse,,,
lyft,greenhouse,https://www.lyft.com/careers,,US
marqvision,greenhouse,,,
materialize,greenhouse,,,
materiom,greenhouse,,,
mentimeter,greenhouse,,,
microblink,greenhouse,,,
mithril,greenhouse,,,
mixmode,greenhouse,,,
newlimit,greenhouse,,,
novacredit,greenhouse,,,
novig,greenhouse,,,
obsidiansecurity,greenhouse,,,
octantbio,greenhouse,,,
oklo,greenhouse,,,
optoinvest,greenhouse,,,
oulahealth,greenhouse,,,
outschool,greenhouse,,,
physicsx,greenhouse,,,
piramidalinc,greenhouse,,,
planetlabs,greenhouse,,,
planetscale,greenhouse,,,
platformscience,greenhouse,,,
platformsh,greenhouse,,,
presencelearning,greenhouse,,,
prolific,greenhouse,,,
propublica,greenhouse,,,
protillionbiosciences,greenhouse,,,
proton,greenhouse,,,
quince,greenhouse,,,
reddit,greenhouse,,,
redpandadata,greenhouse,,,
remote,greenhouse,,,
resortpass,greenhouse,,,
robinhood,greenhouse,,,
roblox,greenhouse,,,
ruggable,greenhouse,,,
sagebionetworks,greenhouse,,,
scout24,greenhouse,,,
seesaw,greenhouse,,,
silananotechnologies,greenhouse,,,
spacex,greenhouse,,,
standardmetrics,greenhouse,,,
thealleninstitute,greenhouse,,,
thenewyorktimes,greenhouse,,,
twitch,greenhouse,,,
updater,greenhouse,,,
verkada,greenhouse,,,
via,greenhouse,,,
vivodyne,greenhouse,,,
weave,greenhouse,,,
withcoverage,greenhouse,,,
xai,greenhouse,,,
zerocater,greenhouse,,,
gocardless,greenhouse,,,
singlestore,greenhouse,,,
hackerrank,greenhouse,,,
mixpanel,greenhouse,,,
stripe,greenhouse,,,
gusto,greenhouse,,,
smartasset,greenhouse,,,
mattermost,greenhouse,,,
submittable,greenhouse,,,
fivetran,greenhouse,,,
radar,greenhouse,,,
apollo,greenhouse,,,
lob,greenhouse,,,
algolia,greenhouse,,,
flexport,greenhouse,,,
checkr,greenhouse,,,
sfox,greenhouse,,,
usergems,greenhouse,,,
picnicai,greenhouse,,,
us,greenhouse,,,
tempo,greenhouse,,,
sirum,greenhouse,,,
magic,greenhouse,,,
qventus,greenhouse,,,
bitmovin,greenhouse,,,
instawork,greenhouse,,,
xendit,greenhouse,,,
givecampus,greenhouse,,,
reach,greenhouse,,,
akidolabs,greenhouse,,,
humaninterest,greenhouse,,,
lattice,greenhouse,,,
astranis,greenhouse,,,
sendbird,greenhouse,,,
bird,greenhouse,,,
legalist,greenhouse,,,
faire,greenhouse,,,
aclu,greenhouse,,,
nanonets,greenhouse,,,
assemblyai,greenhouse,,,
maymobility,greenhouse,,,
roofr,greenhouse,,,
swayable,greenhouse,,,
veriff,greenhouse,,,
super,greenhouse,,,
pelago,greenhouse,,,
ltse,greenhouse,,,
culturebiosciences,greenhouse,,,
treasuryprime,greenhouse,,,
enveritas,greenhouse,,,
modernhealth,greenhouse,,,
sixfold,greenhouse,,,
prodigal,greenhouse,,,
papa,greenhouse,,,
meruhealth,greenhouse,,,
pronto,greenhouse,,,
glide,greenhouse,,,
alpaca,greenhouse,,,
dagger,greenhouse,,,
caribou,greenhouse,,,
heartaerospace,greenhouse,,,
postscript,greenhouse,,,
kalshi,greenhouse,,,
odeko,greenhouse,,,
laika,greenhouse,,,
nabis,greenhouse,,,
recidiviz,greenhouse,,,
gather,greenhouse,,,
embrace,greenhouse,,,
rosebud,greenhouse,,,
lucidbots,greenhouse,,,
pairteam,greenhouse,,,
recall,greenhouse,,,
haven,greenhouse,,,
mindsdb,greenhouse,,,
ophelia,greenhouse,,,
pulley,greenhouse,,,
generalproximity,greenhouse,,,
ready,greenhouse,,,
carbonchain,greenhouse,,,
mesh,greenhouse,,,
daybreakhealth,greenhouse,,,
kernalbio,greenhouse,,,
prospa,greenhouse,,,
gigs,greenhouse,,,
regent,greenhouse,,,
remoracarbon,greenhouse,,,
albedo,greenhouse,,,
baubap,greenhouse,,,
joinforage,greenhouse,,,
remi,greenhouse,,,
inversionspace,greenhouse,,,
spade,greenhouse,,,
grey,greenhouse,,,
agency,greenhouse,,,
imt,greenhouse,,,
axle,greenhouse,,,
niraenergy,greenhouse,,,
warp,greenhouse,,,
onshore,greenhouse,,,
yuma,greenhouse,,,
extend,greenhouse,,,
latent,greenhouse,,,
reflex,greenhouse,,,
diligent,greenhouse,,,
momentic,greenhouse,,,
onyx,greenhouse,,,
starcloud,greenhouse,,,
general,greenhouse,,,
aavelabs,lever,,,
adora,lever,,,
angellist,greenhouse,https://job-boards.greenhouse.io/angellist,,United States
apolloresearch,lever,,,
aquabyte,greenhouse,https://job-boards.greenhouse.io/aquabyte,,Norway
articulate,lever,,,
atlassian,lever,,,
atomcomputing,lever,,,
beam,lever,,,
blackshark,lever,,,
caremessage,lever,,,
cyngn,lever,,,
disqo,lever,,,
distru,lever,,,
dlocal,greenhouse,https://www.dlocal.com/careers/,,Uruguay
electric-twin,lever,,,
esper,lever,,,
finch,lever,,,
findigs,lever,,,
getduranta,lever,,,
HDVI,lever,,,
heard,lever,,,
hive,lever,,,
kraken123,lever,,,
LuminDigital,lever,,,
lunaphysicaltherapy,lever,,,
mammothbiosci,lever,,,
mcgovern,lever,,,
meetalbert,lever,,,
metabase,lever,,,
moonsong-labs,lever,,,
netflix,lever,,,
nium,lever,,,
pennylane,lever,,,
perpetualabs.com,lever,,,
picklerobot,lever,,,
project-healthy-minds,lever,,,
prolific-machines,lever,,,
RadicalAI,lever,,,
regalvoice,lever,,,
ridezum,lever,,,
ro,lever,,,
serverfarm,lever,,,
shieldai,lever,,,
skysafe,lever,,,
skyways,lever,,,
sonarsource,lever,,,
sprucesystems,lever,,,
straighterline,lever,,,
UpMetrics,lever,,,
veeva,lever,,,
zoox,lever,,,
quartzy,lever,,,
backerkit,lever,,,
polleverywhere,lever,,,
plivo,lever,,,
nimblerx,lever,,,
mashgin,lever,,,
picktrace,lever,,,
tesorio,lever,,,
tovala,lever,,,
thunkable,lever,,,
superside,lever,,,
copia,lever,,,
people-ai,lever,,,
getsquire,lever,,,
multiplylabs,lever,,,
snappr,lever,,,
pyka,lever,,,
vergesense,lever,,,
captivateiq,lever,,,
culdesac,lever,,,
fintual,lever,,,
mytos,lever,,,
canarytechnologies,lever,,,
emilabs,lever,,,
voltalabs,lever,,,
fampay,lever,,,
ramenvr,lever,,,
zippi,lever,,,
livingcarbon,lever,,,
starkbank,lever,,,
postera,lever,,,
kinter,lever,,,
handoff,lever,,,
h1,lever,,,
tryriot,lever,,,
verifiable,lever,,,
doola,lever,,,
synapticure,lever,,,
increase,lever,,,
porter,lever,,,
tryjeeves,lever,,,
tractian,lever,,,
trela,lever,,,
gridware,lever,,,
getzuma,lever,,,
tag,lever,,,
epsilon3,lever,,,
tendo,lever,,,
fleetzero,lever,,,
maverickx,lever,,,
suger,lever,,,
distro,lever,,,
jitxinc,lever,,,
arraylabs,lever,,,
9-mothers,ashby,,,
Adaptive,ashby,,,
akur8,ashby,,,
alan,ashby,,,
alembic,ashby,,,
allspice,ashby,,,
amo,ashby,,,
amperos,ashby,,,
antithesis,ashby,,,
aptura,ashby,,,
ashby,ashby,,,
atomic-financial,ashby,,,
aureliussystems,ashby,,,
Authorium,ashby,,,
axle-careers,ashby,,,
baseten,ashby,,,
bedrock,ashby,,,
bespokelabs,ashby,,,
blueberrypediatrics,ashby,,,
bobyard,ashby,,,
candidhealth,ashby,,,
castletontower,ashby,,,
category-labs,ashby,,,
charge-robotics,ashby,,,
checkly,ashby,,,
Chestnut,ashby,,,
chronospherejobs,ashby,,,
Citizen,ashby,,,
cleric,ashby,,,
coder,ashby,,,
coderabbit,ashby,,,
cognition,ashby,,,
colonist,ashby,,,
comity,ashby,,,
complement,ashby,,,
confido,ashby,,,
continua,ashby,,,
coram-ai,ashby,,,
coreflow,ashby,,,
count,ashby,,,
cradlebio,ashby,,,
creditgenie,ashby,,,
curie,ashby,,,
daydream,ashby,,,
Deel,ashby,,,
DeepL,ashby,,,
dialogueai,ashby,,,
dimensional,ashby,,,
ditto,ashby,,,
dryft,ashby,,,
eagle,ashby,,,
edra,ashby,,,
evervault,ashby,,,
fabrion,ashby,,,
fanvue.com,ashby,,,
firetiger,ashby,,,
flux,ashby,,,
fnatic,ashby,,,
fractional-ai,ashby,,,
gallatin,ashby,,,
gecko-robotics,ashby,,,
gigaml,ashby,,,
glimpse,ashby,,,
graphite,ashby,,,
GovSignals,ashby,,,
graymatter-robotics,ashby,,,
griffin,ashby,,,
gtv,ashby,,,
hellopatient,ashby,,,
higharc,ashby,,,
hike-medical,ashby,,,
hiya,ashby,,,
homevision,ashby,,,
hyperspell,ashby,,,
incident,ashby,,,
industrious,ashby,,,
kepler-ai,ashby,,,
Keyrock,ashby,,,
kilocode,ashby,,,
kiloforge,ashby,,,
kog,ashby,,,
Kojo,ashby,,,
kong,ashby,,,
konvu,ashby,,,
kos.ai,ashby,,,
lago,ashby,,,
langdock,ashby,,,
legionhealth,ashby,,,
Linear,ashby,,,
livekit,ashby,,,
Luminary,ashby,,,
luxor,ashby,,,
magical,ashby,,,
maintainx,ashby,,,
matterworks,ashby,,,
mechanize,ashby,,,
mercor,ashby,,,
meticulous,ashby,,,
middesk,ashby,,,
mobasi,ashby,,,
modal,ashby,,,
mubit,ashby,,,
Nango,ashby,,,
Paragon,ashby,,,
nectar-social,ashby,,,
neon-health,ashby,,,
noise-labs,ashby,,,
norm-ai,ashby,,,
Normal%20Computing%20AI,ashby,,,
notable,ashby,,,
nylas,ashby,,,
oboe,ashby,,,
odyssey,ashby,,,
office-hours,ashby,,,
omniscient,ashby,,,
onecrew,ashby,,,
oneleet,ashby,,,
Ontic,ashby,,,
opsmill,ashby,,,
oscilar,ashby,,,
oyster,ashby,,,
oysterhr,ashby,,,
P-1%20AI,ashby,,,
p2p.org,ashby,,,
parabola-io,ashby,,,
parallel,ashby,,,
pareto-ai,ashby,,,
pear,ashby,,,
percona,ashby,,,
permitflow,ashby,,,
phoebe-work,ashby,,,
pod-network,ashby,,,
polly,ashby,,,
prelude,ashby,,,
Promise,ashby,,,
prosper-ai,ashby,,,
protege,ashby,,,
radical-numerics,ashby,,,
Railway,ashby,,,
rho,ashby,,,
river,ashby,,,
runway-ml,ashby,,,
safi,ashby,,,
saris-ai,ashby,,,
saronic,ashby,,,
scalar,ashby,,,
Scholarly,ashby,,,
schoolhouse-world,ashby,,,
ScribdInc,ashby,,,
sentilink,ashby,,,
sentry,ashby,,,
sesame,ashby,,,
seso,ashby,,,
sheerhealth,ashby,,,
shepherd,ashby,,,
socket,ashby,,,
Solace,ashby,,,
speckle,ashby,,,
spruceid,ashby,,,
squint.ai,ashby,,,
stream,ashby,,,
substack,ashby,,,
suno,ashby,,,
supabase,ashby,,,
swarmia,ashby,,,
taktile,ashby,,,
terminal,ashby,,,
terminal-industries,ashby,,,
tetsuwan,ashby,,,
tracelabs,ashby,,,
trayd,ashby,,,
triggerdev,ashby,,,
trychroma,ashby,,,
turbopuffer,ashby,,,
turnstile,ashby,,,
turquoise-health,ashby,,,
two-dots,ashby,,,
Unlearn,ashby,,,
unto-labs,ashby,,,
upvest,ashby,,,
userainbow,ashby,,,
verge-genomics,ashby,,,
vitalize,ashby,,,
voltai.careers,ashby,,,
vvd,ashby,,,
wand,ashby,,,
wirescreen,ashby,,,
wispr-flow,ashby,,,
withdaydream,ashby,,,
workos,ashby,,,
workwhilejobs,ashby,,,
xdof,ashby,,,
zapier,ashby,,,
clerky,ashby,,,
close,ashby,,,
tremendous,ashby,,,
rescale,ashby,,,
circuithub,ashby,,,
benchling,ashby,,,
healthsherpa,ashby,,,
classdojo,ashby,,,
influxdata,ashby,,,
padlet,ashby,,,
snapdocs,ashby,https://www.snapdocs.com/careers,,US
cambly,ashby,,,
truelinkfinancial,ashby,,,
permutive,ashby,,,
shasqi,ashby,,,
meadow,ashby,,,
readme,ashby,,,
bankjoy,ashby,,,
protocol,ashby,,,
assembly,ashby,,,
snapmagic,ashby,,,
new-story,ashby,,,
eightsleep,ashby,,,
80000hours,ashby,,,
mux,ashby,,,
deepgram,ashby,,,
boom,ashby,,,
focal,ashby,,,
goteleport,ashby,,,
miso,ashby,,,
podium,ashby,,,
castle,ashby,,,
onechronos,ashby,,,
vetcove,ashby,,,
clipboard,ashby,,,
plane,ashby,,,
mednet,ashby,,,
rezi,ashby,,,
speak,ashby,,,
cairns-health,ashby,,,
prelim,ashby,,,
upcodes,ashby,,,
snackpass,ashby,,,
runa,ashby,,,
replit,ashby,,,
opensea,ashby,,,
universe,ashby,,,
weekend,ashby,,,
vanta,ashby,,,
simetrik,ashby,,,
cointracker,ashby,,,
quantstamp,ashby,,,
spellbrush,ashby,,,
mutiny,ashby,,,
skydropx,ashby,,,
corvus-robotics,ashby,,,
duffel,ashby,,,
titan,ashby,,,
revenuecat,ashby,,,
prometheus,ashby,,,
moderntreasury,ashby,,,
verto,ashby,,,
outrival,ashby,,,
doppler,ashby,,,
golinks,ashby,,,
bunkerhillhealth,ashby,,,
versemedical,ashby,,,
overview,ashby,,,
probablygenetic,ashby,,,
vorticity,ashby,,,
curri,ashby,,,
freshpaint,ashby,,,
rutter,ashby,,,
trm-labs,ashby,,,
beacons,ashby,,,
belvo,ashby,,,
humanly,ashby,,,
airbyte,ashby,,,
stable,ashby,,,
tajir,ashby,,,
raycast,ashby,,,
deepsource,ashby,,,
upflow,ashby,,,
junction,ashby,,,
aios,ashby,,,
posthog,ashby,,,
ello,ashby,,,
vori,ashby,,,
anglehealth,ashby,,,
benepass,ashby,,,
accord,ashby,,,
fieldguide,ashby,,,
arketa,ashby,,,
formal,ashby,,,
kingdom,ashby,,,
notabene,ashby,,,
atomic,ashby,,,
blissway,ashby,,,
arist,ashby,,,
powerus,ashby,,,
volopay,ashby,,,
atob,greenhouse,https://job-boards.greenhouse.io/atob,,United States
datafold,ashby,,,
luminai,ashby,,,
roboflow,ashby,,,
thndr,ashby,,,
recurrency,ashby,,,
herondata,ashby,,,
zip,ashby,,,
photoroom,ashby,,,
h3x-technologies,ashby,,,
triomics,ashby,,,
lightdash,ashby,,,
jiga,ashby,,,
navattic,ashby,,,
svix,ashby,,,
flutterflow,ashby,,,
infracost,ashby,,,
ziina,ashby,,,
quicknode,ashby,,,
topline-pro,ashby,,,
homebase,ashby,,,
enode,ashby,,,
hudu,ashby,,,
liveflow,ashby,,,
tilt,ashby,,,
fathom,ashby,,,
anima,ashby,,,
popl,ashby,,,
vapi,ashby,,,
greatquestion,ashby,,,
finary,ashby,,,
axle-health,ashby,,,
encord,ashby,,,
camber,ashby,,,
signoz,ashby,,,
authzed,ashby,,,
humaans,ashby,,,
runway,ashby,,,
atrato,ashby,,,
abacum,ashby,,,
toku,ashby,,,
exa,ashby,,,
nash,ashby,,,
turion-space,ashby,,,
stepful,ashby,,,
atlas,ashby,,,
malga,ashby,,,
pylon,ashby,,,
mach9,ashby,,,
adaptyv,ashby,,,
aleph,ashby,,,
oneschema,ashby,,,
formance,ashby,,,
lemfi,ashby,,,
zensors,ashby,,,
onebrief,ashby,,,
kodex,ashby,,,
tavus,ashby,,,
arq,ashby,,,
replo,ashby,,,
odys-aviation,ashby,,,
slope,ashby,,,
eventual,ashby,,,
govdash,ashby,,,
realitydefender,ashby,,,
fleek,ashby,,,
rallyuxr,ashby,,,
broccoli,ashby,,,
posh,ashby,,,
voize,ashby,,,
cinder,ashby,,,
mintlify,ashby,,,
lancedb,ashby,,,
happl,ashby,,,
phasebiolabs,ashby,,,
invert,ashby,,,
aspora,ashby,,,
sieve,ashby,,,
agave,ashby,,,
autone,ashby,,,
firecrawl,ashby,,,
aiprise,ashby,,,
quindar,ashby,,,
ekho,ashby,,,
kombo,ashby,,,
cambio,ashby,,,
metriport,ashby,,,
aurelian,ashby,,,
thera,ashby,,,
bitstack,ashby,,,
juicebox,ashby,,,
tank-payments,ashby,,,
blee,ashby,,,
boostly,ashby,,,
craze,ashby,,,
tailor,ashby,,,
julius,ashby,,,
litellm,ashby,,,
vector,ashby,,,
metal,ashby,,,
escape,ashby,,,
vellum,ashby,,,
conduit,ashby,,,
resend,ashby,,,
wallbit,ashby,,,
finni-health,ashby,,,
clueso,ashby,,,
hadrius,ashby,,,
inkeep,ashby,,,
kivo-health,ashby,,,
bluedot,ashby,,,
cosine,ashby,,,
pirros,ashby,,,
vooma,ashby,,,
goveagle,ashby,,,
tennr,ashby,,,
numeral,ashby,,,
salient,ashby,,,
infisical,ashby,,,
avoca,ashby,,,
healthtech-1,ashby,,,
shadeform,ashby,,,
pure,ashby,,,
safetykit,ashby,,,
rollstack,ashby,,,
fortuna-health,ashby,,,
magicpatterns,ashby,,,
credal,ashby,,,
fleetworks,ashby,,,
outset,ashby,,,
airgoods,ashby,,,
casca,ashby,,,
lio,ashby,,,
hyperbound,ashby,,,
artie,ashby,,,
hockeystack,ashby,,,
campfire,ashby,,,
solveintelligence,ashby,,,
capimoney,ashby,,,
twenty,ashby,,,
bland,ashby,,,
elyos,ashby,,,
toma,ashby,,,
offdeal,ashby,,,
astro-mechanica,ashby,,,
clarion,ashby,,,
greenboard,ashby,,,
artisan,ashby,,,
furtherai,ashby,,,
arini,ashby,,,
pointone,ashby,,,
gumloop,ashby,,,
reducto,ashby,,,
legora,ashby,,,
usul,ashby,,,
retell-ai,ashby,,,
electricair,ashby,,,
simple-ai,ashby,,,
david-ai,ashby,,,
clearly-ai,ashby,,,
saturn,ashby,,,
kastle,ashby,,,
conveo,ashby,,,
phonely,ashby,,,
codes-health,ashby,,,
claimsorted,ashby,,,
greptile,ashby,,,
mem0,ashby,,,
mercura,ashby,,,
mastra,ashby,,,
afterquery,ashby,,,
finny,ashby,,,
salespatriot,ashby,,,
hud,ashby,,,
corgi,ashby,,,
nox-metals,ashby,,,
domu,ashby,,,
veritus,ashby,,,
fleetline,ashby,,,
reacher,ashby,,,
idler,ashby,,,
solva,ashby,,,
flai,ashby,,,
agentmail,ashby,,,
harperinsure,ashby,,,
dedalus-labs,ashby,,,
lance,ashby,,,
hex,ashby,,,
ShortStory,ashby,,,
f2-ai,ashby,,,
akamai,workable,,,
akeno,workable,,,
atria-health,workable,,,
box,workable,,,
deducta,workable,,,
harness,workable,,,
hashicorp,workable,,,
huggingface,workable,,,
imachines,workable,,,
justpark,workable,,,
longshot-systems-ltd,workable,,,
microsoft,workable,,,
ovhcloud,workable,,,
paired,workable,,,
platzi,workable,,,
revelare-networks,workable,,,
sumble-inc,workable,,,
yelp,workable,,,
zendesk,workable,,,
volantio,workable,,,
mino-games,workable,,,
olark,workable,,,
indinero,workable,,,
talkable,workable,,,
scribd,workable,,,
agilemd,workable,,,
leadgenius,workable,,,
wave,workable,,,
9gag,workable,,,
rainforest,workable,,,
zentail,workable,,,
wefunder,workable,,,
simplyinsured,workable,,,
strikingly,workable,,,
styleup,workable,,,
tetrascience,workable,,,
union54,workable,,,
attendi,recruitee,,,
bigcartel,recruitee,,,
crazygames,recruitee,,,
epilot,recruitee,,,
exeon,recruitee,,,
greatminds,recruitee,,,
holepunch,recruitee,,,
zeromotorcycles,recruitee,,,
momomedicalbv,recruitee,,,
UtilityWarehouse1,smartrecruiters,,,
Wayfair,smartrecruiters,,,
hireart,smartrecruiters,,,
buildzoom,smartrecruiters,,,
bellabeat,smartrecruiters,,,
cratejoy,smartrecruiters,,,
humandx,smartrecruiters,,,
ambition,smartrecruiters,,,
zinc,smartrecruiters,,,
cleartax,smartrecruiters,,,
scentbird,smartrecruiters,,,
go1,smartrecruiters,,,
rappi,smartrecruiters,,,
fightcamp,smartrecruiters,,,
expo,smartrecruiters,,,
rippling,smartrecruiters,,,
buypower,smartrecruiters,,,
alemhealth,smartrecruiters,,,
gem,smartrecruiters,,,
nimble,smartrecruiters,,,
slite,smartrecruiters,,,
shogun,smartrecruiters,,,
oxygen,smartrecruiters,,,
leena,smartrecruiters,,,
paladin,smartrecruiters,,,
activeloop,smartrecruiters,,,
gfi,smartrecruiters,,,
first,smartrecruiters,,,
skill-lync,smartrecruiters,,,
zeroheight,smartrecruiters,,,
lokal,smartrecruiters,,,
lineleap,smartrecruiters,,,
vouch,smartrecruiters,,,
wren,smartrecruiters,,,
whatnot,smartrecruiters,,,
yassir,smartrecruiters,,,
electroneek,smartrecruiters,,,
pahamify,smartrecruiters,,,
hiresweet,smartrecruiters,,,
truenorth,smartrecruiters,,,
facio,smartrecruiters,,,
loophealth,smartrecruiters,,,
hub,smartrecruiters,,,
statiq,smartrecruiters,,,
marketforce,smartrecruiters,,,
bits,smartrecruiters,,,
bukuwarung,smartrecruiters,,,
jumpstart,smartrecruiters,,,
depict,smartrecruiters,,,
vendease,smartrecruiters,,,
manara,smartrecruiters,,,
betterhalf,smartrecruiters,,,
unschool,smartrecruiters,,,
tint,smartrecruiters,,,
flextock,smartrecruiters,,,
fithub,smartrecruiters,,,
kodo,smartrecruiters,,,
mindee,smartrecruiters,,,
modernloop,smartrecruiters,,,
abhi,smartrecruiters,,,
at,smartrecruiters,,,
truss,smartrecruiters,,,
arrow,smartrecruiters,,,
cococart,smartrecruiters,,,
credibook,smartrecruiters,,,
finku,smartrecruiters,,,
shaped,smartrecruiters,,,
unison,smartrecruiters,,,
duplo,smartrecruiters,,,
axis,smartrecruiters,,,
dart,smartrecruiters,,,
blaze,smartrecruiters,,,
lumina,smartrecruiters,,,
dynamo,smartrecruiters,,,
222,smartrecruiters,,,
open,smartrecruiters,,,
triply,smartrecruiters,,,
sync,smartrecruiters,,,
alex,smartrecruiters,,,
pax,smartrecruiters,,,
diode,smartrecruiters,,,
mentra,smartrecruiters,,,
healthkey,smartrecruiters,,,
reditus,smartrecruiters,,,
cocreate,smartrecruiters,,,
Ratehub.ca,jazzhr,https://ratehubinc.applytojob.com/apply,,
Red Hat,icims,https://global-redhat.icims.com/jobs/,,
Splunk,jobvite,https://jobs.jobvite.com/careers/splunk/,,
Prepared,,https://www.prepared911.com/careers,,
Simbe Robotics,greenhouse,https://www.simberobotics.com/company/careers/,,United States
Mastodon,,https://joinmastodon.org/,,
Demodesk,,https://demodesk.com/careers,,
Jitasa,,https://www.jitasagroup.com/about/careers/,,
Kinsta,workable,https://kinsta.com/careers/,,United States
Laminar Projects,,https://www.laminarprojects.com/join-us,,
Lava.AI,breezy,https://lava.breezy.hr/,,
Pacific Institute,,https://pacinst.org/careers/,,
Spryker,greenhouse,https://spryker.com/en/career/,,Germany
Standing on Giants,charliehr,https://www.standingongiants.com/work-with-us/,,
Worldsensing,bamboohr,https://www.worldsensing.com/work-with-us/,,
Armory,greenhouse,https://www.armory.io/careers/,,United States
Bluescape,,https://www.bluescape.com/company/careers,,
Calendly,,https://calendly.com/careers,,
Chime,,https://www.chime.com/careers/,,
Everly Health,,https://www.everlywell.com/careers/,,
Grindr,,https://www.grindr.com/careers,,
Handshake,,https://joinhandshake.com/careers/,,
Hims & Hers,,https://www.forhims.com/careers,,
Nextdoor,,https://about.nextdoor.com/careers/,,
Optimizely,,https://careers.optimizely.com/,,
Sourcemap,,https://www.sourcemap.com/,,
Tile,,https://www.tile.com/careers,,
Transfix,,https://transfix.io/careers,,
Turo,,https://turo.com/us/en/jobs,,
Mosaic Manufacturing,,https://mosaicmfg.com/careers/,,
YouSet,breezy,https://youset.breezy.hr/,,
Tracktile,,https://www.tracktile.io/careers,,
Workstaff360,pinpoint,https://workstaff360.pinpointhq.com/,,
Planned,,https://planned.com/careers,,
Eigen Innovations,,https://eigen.io/careers,,
Novarc Technologies,,https://www.novarctech.com/company/careers/,,
Axonify,,https://axonify.com/careers/,,
Flexiti,,https://flexiti.com/EN/Careers,,
Intellijoint Surgical,,https://intellijointsurgical.com/about/careers-and-culture/,,
nanoPay,,https://nanopay.net/careers,,
Zoocasa,,https://careers.zoocasa.com/,,
Newtopia,bamboohr,https://newtopia.bamboohr.com/careers,,
TouchBistro,,https://www.touchbistro.com/careers/,,
Clearpath Robotics,workday,https://clearpathrobotics.com/robotics-careers/,,
DOZR,bamboohr,https://i.dozr.com/careers,,
Transit,,https://transitapp.com/jobs,,
DarkVision,,https://darkvisiontech.com/careers/,,
Sequence Bio,,https://www.sequencebio.com/careers,,
Jiffy,,https://jiffyondemand.com/careers,,
Nulogy,,https://www.nulogy.com/careers/,,
Vena Solutions,pinpoint,https://vena.pinpointhq.com/,,
PostBeyond,,https://www.postbeyond.com/careers/,,
Resson,,https://resson.com/careers,,
Felix & Paul Studios,,https://www.felixandpaul.com/careers,,
Social Nature,breezy,https://business.socialnature.com/careers/,,
Alan,ashby,https://alan.com/en/careers,,
dLocal,lever,https://jobs.lever.co/dlocal,,
360Player,,https://career.360player.com,,
Bardeen,,https://app.dover.com/jobs/bardeen,,
bunq,,https://careers.bunq.com/,,
cal.com,,https://cal.com/careers/apply,,
Design Pickle,,https://designpickle.com/careers,,
EasyBroker,,https://ebwantsyou.com/,,
ElevenLabs,,https://elevenlabs.io/careers,,
Feedier,,https://www.welcometothejungle.com/en/companies-v1/feedier,,
Fidel API,,https://fidelapi.com/careers,,
Finder,,https://www.finder.com/careers,,
Learnerbly,,https://www.learnerbly.com/careers,,
Legora,,https://legora.com/careers,,
LionsBot,greenhouse,https://boards.greenhouse.io/lionsbot,,
Luxury Escapes,,https://luxuryescapes.com/careers,,
Miinto,bamboohr,https://miinto.bamboohr.com/careers/,,
Paysend,,https://paysend.com/careers,,
Planhat,,https://www.planhat.com/careers,,
Tiqets,,https://jobs.tiqets.work/,,
Water For People,,https://www.waterforpeople.org/careers/,,
Veriff,,https://veriff.ai/careers,,
Codeium (Windsurf),,https://codeium.com/careers,,
Augment Code,,https://www.augmentcode.com/careers,,
Statsig,,https://statsig.com/careers,,
DX,,https://getdx.com/careers/,,
Formation,,https://fm.dev/careers,,
Aterlo,bamboohr,https://aterlo.bamboohr.com/careers/64,,
Bettermode,bamboohr,https://bettermode.com/company/careers,,
Voyis,,https://voyis.com/careers/,,
Priority Commerce,,https://prioritycommerce.com/,,
ComplianceWorks,,https://complianceworks.ca/explore/,,
Mason,bamboohr,http://www.bymason.com,YC W16,
mRelief,bamboohr,https://www.mrelief.com,YC W16,
Nowports,bamboohr,https://nowports.com/,YC W19,
Chowdeck,bamboohr,https://chowdeck.com,YC S22,
New Incentives,breezy,http://www.newincentives.org,YC S16,
VotingWorks,breezy,https://voting.works,YC W19,
habitat-learn-inc,workable,,DMZ Oh Canada Tech Directory,Canada
aerial,recruitee,,DMZ Oh Canada Tech Directory,Canada
42,,https://42technologies.com/,DMZ Oh Canada Tech Directory,Canada
49Care,,https://49care.com,DMZ Oh Canada Tech Directory,Canada
A.I. VALI INC.,,https://www.ai-vali.com,DMZ Oh Canada Tech Directory,Canada
ABIMBOLA,,https://www.abimbola.shop,DMZ Oh Canada Tech Directory,Canada
AI Expedite,,https://AIExpedite.com,DMZ Oh Canada Tech Directory,Canada
ARKI,,https://www.getarki.com/,DMZ Oh Canada Tech Directory,Canada
Abivo,,https://abivo.ai,DMZ Oh Canada Tech Directory,Canada
Abloomify,,https://abloomify.com,DMZ Oh Canada Tech Directory,Canada
Access2Pay,,https://www.access2pay.com,DMZ Oh Canada Tech Directory,Canada
Achievan,,https://www.achievan.com,DMZ Oh Canada Tech Directory,Canada
Ad Suite AI,,https://adsuiteai.com,DMZ Oh Canada Tech Directory,Canada
"Adaptis Technologies Canada, Inc.",,https://adaptis.ai,DMZ Oh Canada Tech Directory,Canada
Addimin,,https://addimin.com,DMZ Oh Canada Tech Directory,Canada
Agritech4u Inc.,,https://www.agritech4u.com,DMZ Oh Canada Tech Directory,Canada
Aide,,https://aide.app,DMZ Oh Canada Tech Directory,Canada
AideNote,,https://aidenote.ca,DMZ Oh Canada Tech Directory,Canada
Aidify.ca,,https://aidify.ca/,DMZ Oh Canada Tech Directory,Canada
Ajosquad Incorporated,,https://www.ajosquad.com/,DMZ Oh Canada Tech Directory,Canada
Algorithm Shift Inc,,https://algorithmshift.ai,DMZ Oh Canada Tech Directory,Canada
Ambient Systems,,https://www.ambientsystems.ca/,DMZ Oh Canada Tech Directory,Canada
Anderson Jarvis Design,,https://andersonjarvis.com,DMZ Oh Canada Tech Directory,Canada
ArchiBotix Lab Inc,,https://archibotix.com/,DMZ Oh Canada Tech Directory,Canada
Archon Systems,,https://inflowinventory.com,DMZ Oh Canada Tech Directory,Canada
ApplyBoard,,http://www.applyboard.com,DMZ Oh Canada Tech Directory,Canada
Athel AI,,https://athelai.com,DMZ Oh Canada Tech Directory,Canada
avo,,https://www.avo.so/,DMZ Oh Canada Tech Directory,Canada
Avanti,,https://www.avanti.ca/,DMZ Oh Canada Tech Directory,Canada
AxiomNexus,,https://axiomnex.com,DMZ Oh Canada Tech Directory,Canada
Asterid Group Inc,,https://www.asteridgroup.com,DMZ Oh Canada Tech Directory,Canada
ATOMS.TECH,,https://www.atoms.tech,DMZ Oh Canada Tech Directory,Canada
Axolotl Biosciences,,http://www.axolotlbiosciences.com,DMZ Oh Canada Tech Directory,Canada
Authentisure Technologies INC,,https://www.autsure.com,DMZ Oh Canada Tech Directory,Canada
B4E Insurtech Inc,,https://www.b4einsurtech.com/,DMZ Oh Canada Tech Directory,Canada
BeHuman,,https://behuman.online/,DMZ Oh Canada Tech Directory,Canada
Be One to Give Inc,,https://www.b12give.ca/,DMZ Oh Canada Tech Directory,Canada
Bastet Rising,,https://bastetrising.com,DMZ Oh Canada Tech Directory,Canada
B2BeeMatch,,https://b2beematch.com/,DMZ Oh Canada Tech Directory,Canada
Bizby Canada,,https://bizby.ca,DMZ Oh Canada Tech Directory,Canada
BeAware Conference Captioning,,https://conferencecaptioning.com,DMZ Oh Canada Tech Directory,Canada
ARTICIPAY,,https://articipay.com/,DMZ Oh Canada Tech Directory,Canada
BorderPass,,https://www.borderpass.ai,DMZ Oh Canada Tech Directory,Canada
Bonzai AI,,https://bonzaiai.com/,DMZ Oh Canada Tech Directory,Canada
BetterTable,,https://bettertable.com,DMZ Oh Canada Tech Directory,Canada
BrainQ,,https://brainq.org/,DMZ Oh Canada Tech Directory,Canada
Cactily,,https://cactily.com/,DMZ Oh Canada Tech Directory,Canada
Arrival Go,,https://www.arrivalgo.com,DMZ Oh Canada Tech Directory,Canada
Buildify,,https://www.getbuildify.com,DMZ Oh Canada Tech Directory,Canada
Binoloop,,https://www.binoloop.com/,DMZ Oh Canada Tech Directory,Canada
CasaYa,,https://www.rentcasaya.com/,DMZ Oh Canada Tech Directory,Canada
Builders Meet Inc,,https://buildersmeet.com/,DMZ Oh Canada Tech Directory,Canada
Celiapp,,https://celiapp.com/,DMZ Oh Canada Tech Directory,Canada
Butterfly Ethical Gifting,,https://butterflyethicalgifting.com/,DMZ Oh Canada Tech Directory,Canada
CheckCentral,,https://www.checkcentral.com,DMZ Oh Canada Tech Directory,Canada
Cashew Research,,https://cashewresearch.com,DMZ Oh Canada Tech Directory,Canada
Cedar,greenhouse,https://www.cedar.com/careers/,DMZ Oh Canada Tech Directory,United States
CITIZN,,https://www.citizn.world,DMZ Oh Canada Tech Directory,Canada
Cloud Ethusiast,,https://cloudethusiast.com,DMZ Oh Canada Tech Directory,Canada
Clavis AI,,https://www.clavisai.app/,DMZ Oh Canada Tech Directory,Canada
Capio,,https://www.capio.app/,DMZ Oh Canada Tech Directory,Canada
crbnx inc.,,https://crbnx.ai/,DMZ Oh Canada Tech Directory,Canada
Chexy,,https://chexy.co/,DMZ Oh Canada Tech Directory,Canada
Coral,,https://coral.ca,DMZ Oh Canada Tech Directory,Canada
Cowris,,https://cowris.com,DMZ Oh Canada Tech Directory,Canada
Crewscope,,https://crewscope.com/,DMZ Oh Canada Tech Directory,Canada
ConstruLens,,https://construlens.com,DMZ Oh Canada Tech Directory,Canada
CoLab Education,,https://www.colab.education/,DMZ Oh Canada Tech Directory,Canada
Common Good Labs Inc.,,https://www.commongoodlabs.ca/,DMZ Oh Canada Tech Directory,Canada
bookmytherapy,,https://www.bookmytherapy.ca/,DMZ Oh Canada Tech Directory,Canada
CaloT Inc.,,https://caiot.co/,DMZ Oh Canada Tech Directory,Canada
Cyberometrics,,https://www.cyberometrics.com,DMZ Oh Canada Tech Directory,Canada
Budgety,,https://www.mybudgety.com,DMZ Oh Canada Tech Directory,Canada
AYVA Educational Solutions,,https://www.ayva.ca/eng/ayva/,DMZ Oh Canada Tech Directory,Canada
Cyber Legends Inc,,https://www.cyberlegends.com,DMZ Oh Canada Tech Directory,Canada
Coraltalk,,https://www.coraltalk.com,DMZ Oh Canada Tech Directory,Canada
CSMC,,https://csmc-scms.ca,DMZ Oh Canada Tech Directory,Canada
D2Type,,https://www.d2type.com/,DMZ Oh Canada Tech Directory,Canada
Data Loft,,https://www.thedataloft.com,DMZ Oh Canada Tech Directory,Canada
CyclePlastix Inc,,https://cycleplastix.com,DMZ Oh Canada Tech Directory,Canada
BwellAI,,https://bwellai.com/,DMZ Oh Canada Tech Directory,Canada
Catapult Tactical XR,,https://www.catapulttacticalxr.com,DMZ Oh Canada Tech Directory,Canada
DotsLive,,https://dotslive.app,DMZ Oh Canada Tech Directory,Canada
Developments.ca,,https://www.developments.ca,DMZ Oh Canada Tech Directory,Canada
Daylun,,https://daylun.ca,DMZ Oh Canada Tech Directory,Canada
DeepTern AI Inc.,,https://deeptern.ai,DMZ Oh Canada Tech Directory,Canada
Crowdmark,,https://crowdmark.com/,DMZ Oh Canada Tech Directory,Canada
DISCLOEZY,,https://discloezy.com/,DMZ Oh Canada Tech Directory,Canada
Disco,,https://www.disco.co/,DMZ Oh Canada Tech Directory,Canada
Compliance Works Inc.,,https://complianceworks.ca/,DMZ Oh Canada Tech Directory,Canada
CultureIQ Labs,,https://www.cultureiqlabs.ca,DMZ Oh Canada Tech Directory,Canada
Dr. Interested,,https://www.drinterested.org/,DMZ Oh Canada Tech Directory,Canada
Datacove,,https://datacove.ai,DMZ Oh Canada Tech Directory,Canada
Elastic Personas,,https://elasticpersonas.ai,DMZ Oh Canada Tech Directory,Canada
Deschool Online Inc,,https://deschool.ca/,DMZ Oh Canada Tech Directory,Canada
Embodia Inc.,,https://embodiaapp.com/,DMZ Oh Canada Tech Directory,Canada
Dreamz Connect,,https://dreamzconnect.org/,DMZ Oh Canada Tech Directory,Canada
Dot Health,,http://www.dothealth.ca/,DMZ Oh Canada Tech Directory,Canada
Diligentic Infotech,,https://diligentic.ca,DMZ Oh Canada Tech Directory,Canada
Digiton Inc.,,https://digeton.com,DMZ Oh Canada Tech Directory,Canada
DualBrokers,,https://dualbrokers.com,DMZ Oh Canada Tech Directory,Canada
CREANCES &amp; SOLUTIONS,,https://www.creances.solutions/,DMZ Oh Canada Tech Directory,Canada
Cropinno,,https://cropinno.com/,DMZ Oh Canada Tech Directory,Canada
Enabled Talent,,https://www.enabledtalent.ca/,DMZ Oh Canada Tech Directory,Canada
Drawbridge,,https://trydrawbridge.com,DMZ Oh Canada Tech Directory,Canada
Essential Clinic,,https://www.essentialclinic.ca/,DMZ Oh Canada Tech Directory,Canada
Epilogue,,https://epiloguelabs.com/,DMZ Oh Canada Tech Directory,Canada
Escape Platforms Inc.,,https://www.esc-ape.ca,DMZ Oh Canada Tech Directory,Canada
English Islands,,https://www.englishislands.com/,DMZ Oh Canada Tech Directory,Canada
Exera Solutions Inc.,,https://www.exerasolutions.com,DMZ Oh Canada Tech Directory,Canada
Fedica,,https://fedica.com,DMZ Oh Canada Tech Directory,Canada
Evalyze,,https://www.evalyze.ai/,DMZ Oh Canada Tech Directory,Canada
EZO.APP,,https://www.ezo.app/,DMZ Oh Canada Tech Directory,Canada
Ether,,https://intoether.co,DMZ Oh Canada Tech Directory,Canada
Flidais Inc.,,https://flidais.ai/,DMZ Oh Canada Tech Directory,Canada
Flavorish,,https://www.flavorish.ai/,DMZ Oh Canada Tech Directory,Canada
Fireside Analytics Inc.,,https://www.firesideanalytics.academy,DMZ Oh Canada Tech Directory,Canada
Drizti Inc.,,https://www.drizti.com,DMZ Oh Canada Tech Directory,Canada
Foteza,,https://foteza.app,DMZ Oh Canada Tech Directory,Canada
Float,,https://floatfinancial.com,DMZ Oh Canada Tech Directory,Canada
Flowtriq,,https://flowtriq.com,DMZ Oh Canada Tech Directory,Canada
Evalflow,,https://www.evalflow.com,DMZ Oh Canada Tech Directory,Canada
Flowjin,,https://www.flowjin.com/,DMZ Oh Canada Tech Directory,Canada
Formaloo,,https://www.formaloo.com/,DMZ Oh Canada Tech Directory,Canada
Fetherstill Inc.,,https://fetherstill.com,DMZ Oh Canada Tech Directory,Canada
Food Mamba,,https://www.foodmamba.com,DMZ Oh Canada Tech Directory,Canada
FundEvolve,,https://www.fundevolve.com,DMZ Oh Canada Tech Directory,Canada
Event Captain,,https://www.eventcaptain.com/,DMZ Oh Canada Tech Directory,Canada
GhostShorts,,https://ghostshorts.com/,DMZ Oh Canada Tech Directory,Canada
Deaf AI,,https://deaf-ai.com/,DMZ Oh Canada Tech Directory,Canada
Gibbly,,https://www.gibbly.co/,DMZ Oh Canada Tech Directory,Canada
GenText,,https://gentext.ai,DMZ Oh Canada Tech Directory,Canada
GIGAMATIC,,http://www.gigamatic.io,DMZ Oh Canada Tech Directory,Canada
Framework,,https://framework.construction,DMZ Oh Canada Tech Directory,Canada
Botree Inc,,https://www.botreeinc.com/growthhub,DMZ Oh Canada Tech Directory,Canada
Greenhorn Driving,,https://greenhorndriving.ca,DMZ Oh Canada Tech Directory,Canada
Grenadine Technologies Inc.,,https://grenadine.co,DMZ Oh Canada Tech Directory,Canada
Credibled,,https://credibled.com,DMZ Oh Canada Tech Directory,Canada
EVOLVERE Mental Health Inc.,,https://www.evolverementalhealth.com/,DMZ Oh Canada Tech Directory,Canada
FuseRing Inc.,,https://fusering.com/,DMZ Oh Canada Tech Directory,Canada
GymTonic,,https://www.gymtonic.ca,DMZ Oh Canada Tech Directory,Canada
Guhuza,,https://guhuza.com/,DMZ Oh Canada Tech Directory,Canada
Helcim,,https://www.helcim.com/,DMZ Oh Canada Tech Directory,Canada
Gud Prompt,,https://gudprompt.com,DMZ Oh Canada Tech Directory,Canada
Forward Education,,https://forwardedu.com/,DMZ Oh Canada Tech Directory,Canada
Handy.ai,,https://www.handy.ai/,DMZ Oh Canada Tech Directory,Canada
iGoal by Opulence Capital,,https://igoal.finance/,DMZ Oh Canada Tech Directory,Canada
HADHOX Corp.,,https://hadhox.com,DMZ Oh Canada Tech Directory,Canada
Harmonea,,https://harmonea.io,DMZ Oh Canada Tech Directory,Canada
Echo Jockey,,https://www.echojockey.com,DMZ Oh Canada Tech Directory,Canada
HOVR,,https://www.ridehovr.com,DMZ Oh Canada Tech Directory,Canada
Her Yes Club,,https://heryesclub.ca,DMZ Oh Canada Tech Directory,Canada
Grocyy,,https://grocyy.com/,DMZ Oh Canada Tech Directory,Canada
EZOFIS INC.,,https://www.ezofis.com,DMZ Oh Canada Tech Directory,Canada
FiatMatch,,https://fiatmatch.com/,DMZ Oh Canada Tech Directory,Canada
Inclusyn Ai Technologies Ltd.,,https://www.inclusyn.com/,DMZ Oh Canada Tech Directory,Canada
IntelliCourse Inc.,,https://www.intellicourse.ca/,DMZ Oh Canada Tech Directory,Canada
INVRS,,https://invrs.com/,DMZ Oh Canada Tech Directory,Canada
iFormit Solutions Inc.,,https://iformitsolutions.io/index.php,DMZ Oh Canada Tech Directory,Canada
Habitomic,,https://habitomic.com,DMZ Oh Canada Tech Directory,Canada
Humi,,https://www.humi.ca/,DMZ Oh Canada Tech Directory,Canada
Haletale,,https://haletale.com/,DMZ Oh Canada Tech Directory,Canada
Hiring Inclusive,,https://hiringinclusive.com/,DMZ Oh Canada Tech Directory,Canada
koat.ai,,https://klyff.com,DMZ Oh Canada Tech Directory,Canada
K-Will Inc.,,https://kryptichealth.com/,DMZ Oh Canada Tech Directory,Canada
Kryptic Health,,https://koat.ai/,DMZ Oh Canada Tech Directory,Canada
Klyff Inc,,https://kixcare.com,DMZ Oh Canada Tech Directory,Canada
Hungry Canadian,,https://www.HungryCanadian.com,DMZ Oh Canada Tech Directory,Canada
interview-prep.io,,https://interview-prep.io/,DMZ Oh Canada Tech Directory,Canada
Leynek Medical,,https://www.leynekmedical.com/,DMZ Oh Canada Tech Directory,Canada
JCDS Media,,https://jcdsmedia.com/,DMZ Oh Canada Tech Directory,Canada
InfiniteUp,,https://www.infiniteup.dev,DMZ Oh Canada Tech Directory,Canada
IRIS,,https://irisml.com/,DMZ Oh Canada Tech Directory,Canada
Layla Care,,https://www.layla.care/,DMZ Oh Canada Tech Directory,Canada
Leasey.AI,,https://www.leasey.ai/,DMZ Oh Canada Tech Directory,Canada
Legalboards,,https://legalboards.com,DMZ Oh Canada Tech Directory,Canada
LilyHan AI,,https://lilyhanai.io/,DMZ Oh Canada Tech Directory,Canada
LABonWEB,,https://labonweb.org,DMZ Oh Canada Tech Directory,Canada
Just Simcoe,,https://www.justsimcoe.ca,DMZ Oh Canada Tech Directory,Canada
KixCare,,https://k-will.xyz/,DMZ Oh Canada Tech Directory,Canada
Lotusware inc.,,https://www.lotusware.ca/,DMZ Oh Canada Tech Directory,Canada
Ltiora,,https://ltiora.com/,DMZ Oh Canada Tech Directory,Canada
JTH,,https://jtradehelp.com,DMZ Oh Canada Tech Directory,Canada
Loop Financial,,https://www.bankonloop.com/,DMZ Oh Canada Tech Directory,Canada
Livio Technologies Inc.,,https://www.liviohomes.ca,DMZ Oh Canada Tech Directory,Canada
LingUp,,https://lingup.ai/,DMZ Oh Canada Tech Directory,Canada
Magnify Access,,https://www.magnifyaccess.ai,DMZ Oh Canada Tech Directory,Canada
Evolution Data,,http://www.evolutiondata.ca,DMZ Oh Canada Tech Directory,Canada
Junior Associate,,https://www.juniorassociate.com,DMZ Oh Canada Tech Directory,Canada
GenieHive,,https://geniehive.co/,DMZ Oh Canada Tech Directory,Canada
Meton.ai,,https://meton.ai,DMZ Oh Canada Tech Directory,Canada
Manelink,,https://www.manelink.com,DMZ Oh Canada Tech Directory,Canada
Lucént,,https://lucentlaboratories.com/,DMZ Oh Canada Tech Directory,Canada
Hivo Inc.,,https://www.hivoapp.com,DMZ Oh Canada Tech Directory,Canada
METAVRSE Inc.,,https://metavrse.com/,DMZ Oh Canada Tech Directory,Canada
Local Flip Inc.,,https://localflip.ca,DMZ Oh Canada Tech Directory,Canada
Massively.ai Inc.,,https://mat.massively.ai/,DMZ Oh Canada Tech Directory,Canada
Lighthouse Hiring,,https://lighthousehiring.ai,DMZ Oh Canada Tech Directory,Canada
MINDRICH CANADA INC,,https://pdfa2z.com,DMZ Oh Canada Tech Directory,Canada
Mr. Turing,,https://mrturing.ai/,DMZ Oh Canada Tech Directory,Canada
Moon Trades Technologies,,https://www.moontrades.space/,DMZ Oh Canada Tech Directory,Canada
Immitracker,,https://myimmitracker.com/,DMZ Oh Canada Tech Directory,Canada
Loop Parking Inc.,,https://www.loopparking.ca/parksense,DMZ Oh Canada Tech Directory,Canada
ML Estimation,,https://mlestimation.com,DMZ Oh Canada Tech Directory,Canada
Migranium,,https://migranium.com/,DMZ Oh Canada Tech Directory,Canada
myLaminin,,https://www.myLaminin.net,DMZ Oh Canada Tech Directory,Canada
HILO,,https://www.hiloapp.com/,DMZ Oh Canada Tech Directory,Canada
MedaKi,,https://medaki.ca,DMZ Oh Canada Tech Directory,Canada
Neobanc,,https://www.Neobanc.com,DMZ Oh Canada Tech Directory,Canada
Nezz,,https://nezzapp.com,DMZ Oh Canada Tech Directory,Canada
Myte Group Inc.,,https://mytegroup.ai/myteconstruction,DMZ Oh Canada Tech Directory,Canada
Netwila Applications Corp.,,https://netwila.com,DMZ Oh Canada Tech Directory,Canada
Mxpert,,https://mxpert.ai/,DMZ Oh Canada Tech Directory,Canada
Mapleview Energy,,https://www.mapleviewenergy.com,DMZ Oh Canada Tech Directory,Canada
Nodalli,,https://www.nodalli.com,DMZ Oh Canada Tech Directory,Canada
Nucleus AI,,https://nucleus.com,DMZ Oh Canada Tech Directory,Canada
NULLZEC,,https://www.nullzec.com,DMZ Oh Canada Tech Directory,Canada
Noviscent AI Security,,https://noviscent.ca/,DMZ Oh Canada Tech Directory,Canada
Ntradex Solutions Inc.,,https://ntradex.ca,DMZ Oh Canada Tech Directory,Canada
Nrolled,,http://nrolled.com,DMZ Oh Canada Tech Directory,Canada
Monark,,https://www.leadwithmonark.com,DMZ Oh Canada Tech Directory,Canada
OPEN Technologies,,https://getoppos.com/,DMZ Oh Canada Tech Directory,Canada
Octopodi Technologies,,https://www.octopodi.com/,DMZ Oh Canada Tech Directory,Canada
Next Knowledge Inc.,,https://nextknowledge.ca,DMZ Oh Canada Tech Directory,Canada
Okare AI,,https://www.obgtrack.ca,DMZ Oh Canada Tech Directory,Canada
Orgpath Inc.,,https://ownright.com,DMZ Oh Canada Tech Directory,Canada
PakVille,,https://p42systems.com,DMZ Oh Canada Tech Directory,Canada
OctopusLM,,https://octopuslm.co/,DMZ Oh Canada Tech Directory,Canada
Ownright,,https://pakville.ca/,DMZ Oh Canada Tech Directory,Canada
ParemTech Inc.,,https://parmazip.ca,DMZ Oh Canada Tech Directory,Canada
NOMATO,,https://noma.to,DMZ Oh Canada Tech Directory,Canada
Nexam Solution,,https://nexam.io/en/,DMZ Oh Canada Tech Directory,Canada
Parts Avatar,,https://www.patientcompanion.ca/,DMZ Oh Canada Tech Directory,Canada
MentorEase,,https://www.mentorease.com,DMZ Oh Canada Tech Directory,Canada
PawSmart AI,,https://pawsmart.ai/,DMZ Oh Canada Tech Directory,Canada
Opulent Castle Inc.,,https://www.orgpath.io,DMZ Oh Canada Tech Directory,Canada
PaymentEvolution,,https://PaymentEvolution.com,DMZ Oh Canada Tech Directory,Canada
NorthStar Business Studio,,https://www.northstarbs.ca,DMZ Oh Canada Tech Directory,Canada
Parmazip Inc.,,https://partsavatar.ca,DMZ Oh Canada Tech Directory,Canada
Paytrie,,https://paytrie.com/,DMZ Oh Canada Tech Directory,Canada
Parallel 42 Systems,,https://www.parcelone.ca,DMZ Oh Canada Tech Directory,Canada
Oppos,,https://optiml.ca,DMZ Oh Canada Tech Directory,Canada
"Plurilock Security, Inc.",,https://plurilock.com/,DMZ Oh Canada Tech Directory,Canada
Pilot X,,https://pilotx.ca/,DMZ Oh Canada Tech Directory,Canada
Pentabay Softwares,,https://pentabay.com/,DMZ Oh Canada Tech Directory,Canada
Peekapak,,https://www.peekapak.com,DMZ Oh Canada Tech Directory,Canada
NotaryPro,,https://www.notarypro.ca,DMZ Oh Canada Tech Directory,Canada
Philer Inc,,https://philer.ai/,DMZ Oh Canada Tech Directory,Canada
Parcel One,,https://paremtech.com/,DMZ Oh Canada Tech Directory,Canada
Picsume,,https://www.picsume.ca/,DMZ Oh Canada Tech Directory,Canada
Payfi,,https://payfi.ca,DMZ Oh Canada Tech Directory,Canada
PragmaClin Research Inc.,,https://www.pragmaclin.com,DMZ Oh Canada Tech Directory,Canada
PoliTraQ,,https://politraq.com/,DMZ Oh Canada Tech Directory,Canada
Profitual Inc.,,https://www.profitual.ai/,DMZ Oh Canada Tech Directory,Canada
MuniPaaS,,https://munipaas.com,DMZ Oh Canada Tech Directory,Canada
PolarPath,,https://polarpath.ca/,DMZ Oh Canada Tech Directory,Canada
Properti Edge,,https://www.propertiedge.com,DMZ Oh Canada Tech Directory,Canada
Ontario Business Gate Inc.,,https://www.opentech.eco,DMZ Oh Canada Tech Directory,Canada
Property.ca,,https://property.ca/,DMZ Oh Canada Tech Directory,Canada
QReserve,,https://get.qreserve.com/,DMZ Oh Canada Tech Directory,Canada
Propel,,https://www.propelhq.com,DMZ Oh Canada Tech Directory,Canada
QuickFacts,,https://www.quickfactsinc.com/,DMZ Oh Canada Tech Directory,Canada
Propra,,https://propra.tech/,DMZ Oh Canada Tech Directory,Canada
Qatalyst Labs,,https://getqatalyst.com,DMZ Oh Canada Tech Directory,Canada
Ready Made Solutions Inc,,https://botaplace.com/,DMZ Oh Canada Tech Directory,Canada
Real Life Robotics,,https://www.realliferobotics.com,DMZ Oh Canada Tech Directory,Canada
Pulseline,,https://www.pulseline.io/,DMZ Oh Canada Tech Directory,Canada
RealDesk.AI,,https://www.realdesk.ai,DMZ Oh Canada Tech Directory,Canada
Quotograph,,https://quotograph.io,DMZ Oh Canada Tech Directory,Canada
Optiml,,https://opulentcastle.com/,DMZ Oh Canada Tech Directory,Canada
Rehab2Go,,https://www.rehab2go.ca/,DMZ Oh Canada Tech Directory,Canada
QuickCasa,,https://www.quickcasa.ai/,DMZ Oh Canada Tech Directory,Canada
Flamesoft Systems,,https://QuickEcomm.com,DMZ Oh Canada Tech Directory,Canada
QuickSearchPlus,,https://www.quicksearchplus.com,DMZ Oh Canada Tech Directory,Canada
Quadlii,,https://www.quadlii.com/,DMZ Oh Canada Tech Directory,Canada
Relem,,https://relemw.com,DMZ Oh Canada Tech Directory,Canada
Resume2Job,,https://www.resume2job.net/,DMZ Oh Canada Tech Directory,Canada
Rhozeland,,https://gacopay.com,DMZ Oh Canada Tech Directory,Canada
Platter Hub,,https://platterhub.ai/,DMZ Oh Canada Tech Directory,Canada
ResearchBunny Inc.,,https://www.researchbunny.com,DMZ Oh Canada Tech Directory,Canada
ReInvestWealth,,https://www.reinvestwealth.com,DMZ Oh Canada Tech Directory,Canada
Rhenti,,https://www.rhenti.com/,DMZ Oh Canada Tech Directory,Canada
Royale Tactics,,https://royaletactics.com,DMZ Oh Canada Tech Directory,Canada
Salleo,,https://salleo.io,DMZ Oh Canada Tech Directory,Canada
Rainhouse Manufacturing Canada,,https://www.rainhouse.com/,DMZ Oh Canada Tech Directory,Canada
Riskophia,,https://www.riskophia.ca/,DMZ Oh Canada Tech Directory,Canada
Repliers,,https://repliers.com,DMZ Oh Canada Tech Directory,Canada
RoadRunner Technologies Inc.,,https://runningtheroad.ca,DMZ Oh Canada Tech Directory,Canada
Retailr AI,,https://retailr.ai/,DMZ Oh Canada Tech Directory,Canada
Precision Content Authoring Solutions Inc.,,https://www.precisioncontent.com,DMZ Oh Canada Tech Directory,Canada
REWORK Digital,,https://reworkdigital.io,DMZ Oh Canada Tech Directory,Canada
Royal Tech Solutions,,https://www.royalcomputercare.com,DMZ Oh Canada Tech Directory,Canada
LinkLoop.ai,,https://linkloop.ai/,DMZ Oh Canada Tech Directory,Canada
Robbie Insurtech,,https://robbieinsurtech.com,DMZ Oh Canada Tech Directory,Canada
Punchcard Systems,,https://punchcard.io,DMZ Oh Canada Tech Directory,Canada
Savyn,,https://www.savyntech.com/,DMZ Oh Canada Tech Directory,Canada
RiGEL,,https://therigelway.com,DMZ Oh Canada Tech Directory,Canada
Sandbox ERP,,https://www.sandboxerp.com,DMZ Oh Canada Tech Directory,Canada
Schoolio,,https://www.schoolio.com,DMZ Oh Canada Tech Directory,Canada
Send 123 Inc,,https://send123.com/,DMZ Oh Canada Tech Directory,Canada
Quantum Scout,,https://quantumscout.com/,DMZ Oh Canada Tech Directory,Canada
Scale IT Up Recruiting Inc.,,https://scaleituprecruiting.com/,DMZ Oh Canada Tech Directory,Canada
Set Scouter,,https://setscouter.com,DMZ Oh Canada Tech Directory,Canada
Side Door,,https://sidedooraccess.com/,DMZ Oh Canada Tech Directory,Canada
Shinydocs,,https://shinydocs.com/,DMZ Oh Canada Tech Directory,Canada
ShipVista,,https://www.shipvista.com/,DMZ Oh Canada Tech Directory,Canada
Skyguard Innovations Inc.,,https://www.skyguardinnovations.com,DMZ Oh Canada Tech Directory,Canada
Ski Anywhere,,https://start.skianywhere.com/,DMZ Oh Canada Tech Directory,Canada
SKILLCONNECT,,https://www.skillconnect.app,DMZ Oh Canada Tech Directory,Canada
Softdrive,,https://softdrive.co,DMZ Oh Canada Tech Directory,Canada
SO Email Security,,https://soemailsecurity.com/,DMZ Oh Canada Tech Directory,Canada
Scantranx Technologies Inc,,https://www.scantranx.com,DMZ Oh Canada Tech Directory,Canada
Snoooz,,https://snoooz.ai,DMZ Oh Canada Tech Directory,Canada
Smartzi,,https://www.smartzi.net,DMZ Oh Canada Tech Directory,Canada
PlanURstay,,https://planurstay.com/,DMZ Oh Canada Tech Directory,Canada
SkyPrep,,https://www.skyprep.com/,DMZ Oh Canada Tech Directory,Canada
Sarzamin,,http://sarzamin.ca,DMZ Oh Canada Tech Directory,Canada
SpeechMD,,https://speechmd.com,DMZ Oh Canada Tech Directory,Canada
Speer Technologies Inc.,,https://speer.io/,DMZ Oh Canada Tech Directory,Canada
SREDWise,,https://sredwise.com,DMZ Oh Canada Tech Directory,Canada
Sprout Family,,https://www.sproutfamily.ca/,DMZ Oh Canada Tech Directory,Canada
SELEST Security,,https://www.selestsecurity.com/,DMZ Oh Canada Tech Directory,Canada
Starluv,,https://starluv.ca/,DMZ Oh Canada Tech Directory,Canada
Sparrow,,https://www.sparrowshare.com,DMZ Oh Canada Tech Directory,Canada
Swipe Right App,,https://www.swiperightapp.co/,DMZ Oh Canada Tech Directory,Canada
Staffy,,https://staffy.com,DMZ Oh Canada Tech Directory,Canada
Rise People,,https://risepeople.com/,DMZ Oh Canada Tech Directory,Canada
Storage Sentry,,https://storage-sentry.com,DMZ Oh Canada Tech Directory,Canada
SuperCode,,https://www.supercodeclub.com/,DMZ Oh Canada Tech Directory,Canada
Sellvise,,https://crm.sellvise.com,DMZ Oh Canada Tech Directory,Canada
Syncara,,https://syncara.ca/,DMZ Oh Canada Tech Directory,Canada
Stingrai Inc.,,https://www.stingrai.io,DMZ Oh Canada Tech Directory,Canada
Snowgroup,,https://snowbus.com,DMZ Oh Canada Tech Directory,Canada
Staccato,,https://staccato.ai/,DMZ Oh Canada Tech Directory,Canada
Steps AI,,https://stepsai.co,DMZ Oh Canada Tech Directory,Canada
Skill4Skill,,https://www.skill4skill.ca/,DMZ Oh Canada Tech Directory,Canada
Synaply Inc,,https://www.synaply.io,DMZ Oh Canada Tech Directory,Canada
SingleKey,,https://www.singlekey.com/en-ca/,DMZ Oh Canada Tech Directory,Canada
Tappit,,https://www.tapreport.ca,DMZ Oh Canada Tech Directory,Canada
Tap Report,,https://taxformify.com/,DMZ Oh Canada Tech Directory,Canada
SRS Consulting Engineers Inc.,,https://www.srscanada.com,DMZ Oh Canada Tech Directory,Canada
Synod Intellicare+,,https://synodintellicare.com,DMZ Oh Canada Tech Directory,Canada
Syzl,,https://syzl.io/,DMZ Oh Canada Tech Directory,Canada
TechJutsu,,https://techrige.com,DMZ Oh Canada Tech Directory,Canada
TechInu Inc.,,https://www.techjutsu.ca/,DMZ Oh Canada Tech Directory,Canada
Thrive Career Wellness Platform,,https://thriverevenue.com,DMZ Oh Canada Tech Directory,Canada
The Hira Collective,,https://therealview.ca/,DMZ Oh Canada Tech Directory,Canada
Tchat N Sign,,https://www.teamgram.com,DMZ Oh Canada Tech Directory,Canada
Thankly,,https://readinfrench.ca/french-prodigy-program,DMZ Oh Canada Tech Directory,Canada
Space App,,https://spaceapp.klabs.ltd/,DMZ Oh Canada Tech Directory,Canada
TruckFixr Fleet AI,,https://www.tulong.tech,DMZ Oh Canada Tech Directory,Canada
Thrive Revenue,,https://www.thriving.ai,DMZ Oh Canada Tech Directory,Canada
Talin,,https://tappitcards.com,DMZ Oh Canada Tech Directory,Canada
Living in Silico Inc.,,https://www.livinginsilico.ca,DMZ Oh Canada Tech Directory,Canada
Tourifique,,https://www.trackernetworks.com,DMZ Oh Canada Tech Directory,Canada
The French Tutor Inc.,,https://thehiracollective.com,DMZ Oh Canada Tech Directory,Canada
The Real View,,https://thrivemycareer.com,DMZ Oh Canada Tech Directory,Canada
Tracker Networks Inc.,,https://www.transpots.com,DMZ Oh Canada Tech Directory,Canada
TULONG,,https://www.typesift.com,DMZ Oh Canada Tech Directory,Canada
Tenon10 Inc.,,https://usethankly.com,DMZ Oh Canada Tech Directory,Canada
Transpots Inc,,https://www.truckfixr.com,DMZ Oh Canada Tech Directory,Canada
Urban Stalk Inc.,,https://urbanstalk.ca/,DMZ Oh Canada Tech Directory,Canada
TechRyde,,https://tenon10.com,DMZ Oh Canada Tech Directory,Canada
Vullify,,https://vullify.com,DMZ Oh Canada Tech Directory,Canada
VolTrack,,https://voltrack.ca,DMZ Oh Canada Tech Directory,Canada
VRN Creative,,https://www.vrncreative.com/,DMZ Oh Canada Tech Directory,Canada
WeInc,,https://we.inc,DMZ Oh Canada Tech Directory,Canada
Wave Connect,,https://wavecnct.com/,DMZ Oh Canada Tech Directory,Canada
Taxformify,,https://www.tchatnsign.com,DMZ Oh Canada Tech Directory,Canada
WholeStack,,https://wholestack.dev,DMZ Oh Canada Tech Directory,Canada
Venn,,https://venn.ca,DMZ Oh Canada Tech Directory,Canada
Utter Vision,,https://www.uttervision.com,DMZ Oh Canada Tech Directory,Canada
Willful,,https://www.willful.co/,DMZ Oh Canada Tech Directory,Canada
WiserBee Corp,,https://wiserbee.ca,DMZ Oh Canada Tech Directory,Canada
Wenmar Pro,,https://wenmarpro.com,DMZ Oh Canada Tech Directory,Canada
Techrige,,https://www.techryde.com,DMZ Oh Canada Tech Directory,Canada
SoftwareWOW,,https://softwarewow.ca,DMZ Oh Canada Tech Directory,Canada
Wouessi Inc.,,http://wouessi.com/,DMZ Oh Canada Tech Directory,Canada
Yaha,,https://orderyaha.com/about,DMZ Oh Canada Tech Directory,Canada
Zlenox,,https://www.zlenox.com/,DMZ Oh Canada Tech Directory,Canada
XpertVR,,https://www.xpertvr.com,DMZ Oh Canada Tech Directory,Canada
Videolinq,,https://www.videolinq.com,DMZ Oh Canada Tech Directory,Canada
Zagitas,,https://zagitas.com/,DMZ Oh Canada Tech Directory,Canada
VRapeutic,,http://myvrapeutic.com/,DMZ Oh Canada Tech Directory,Canada
Yadag,,https://www.yadag.io/en,DMZ Oh Canada Tech Directory,Canada
TITAN Haptics Inc.,,https://tourifique.ca/,DMZ Oh Canada Tech Directory,Canada
Zestyplan,,https://www.zestyplan.com,DMZ Oh Canada Tech Directory,Canada
Thriving.ai,,https://titanhaptics.com/,DMZ Oh Canada Tech Directory,Canada
Make Progress AI,,https://www.makeprogressai.ca/,DMZ Oh Canada Tech Directory,Canada
Vaultt,,https://www.vaultt.com/,DMZ Oh Canada Tech Directory,Canada
TeamGram,,https://tech-inu.com,DMZ Oh Canada Tech Directory,Canada
PCAgent Onsite,,http://www.pcagent.ca,DMZ Oh Canada Tech Directory,Canada
QHired,,https://www.qhired.com/,DMZ Oh Canada Tech Directory,Canada
voltera,bamboohr,https://voltera.bamboohr.com/careers,,Canada
suse,workday,https://suse.wd3.myworkdayjobs.com/Jobsatsuse,,Germany
paid,,,, 
0g,,,, 
100-thieves,,,, 
10x-genomics,greenhouse,https://careers.10xgenomics.com/careers,,US
123milhas,,,, 
1k-kirana,,,, 
1stdibs,,,, 
23andme,,,, 
2tm,,,, 
2u,,,, 
54gene,,,, 
5b-solar,,,, 
6sense,,,, 
80-acres-farms,,,, 
888,,,, 
8x8,,,, 
91trucks,,,, 
98point6,,,, 
99,,,, 
aakash,,,, 
abbyy,greenhouse,https://www.abbyy.com/company/careers/,,US
abl,,,, 
abra,,,, 
absci,ashby,https://jobs.ashbyhq.com/absci,,US
absolute-software,,,, 
acast,,,, 
accolade,,,, 
acko,,,, 
acorns,ashby,https://www.acorns.com/careers/,,US
acronis,,,, 
actifio,,,, 
activecampaign,lever,https://jobs.lever.co/activecampaign,,US
activefence,,,, 
actyv-ai,,,, 
acxiom,,,, 
ada-health,greenhouse,https://about.ada.com/careers/,,Germany
ada-support,,,, 
adaptive-biotechnologies,greenhouse,https://www.adaptivebiotech.com/career-listings/,,US
adara,,,, 
adda247,,,, 
addepar,greenhouse,https://addepar.com/careers,,US
addi,,,, 
adjust,,,, 
adobe,,,, 
adp,,,, 
adroll,ashby,https://jobs.ashbyhq.com/nextroll,,US
advata,,,, 
advisor-credit-exchange,,,, 
adwerx,,,, 
aeye,greenhouse,https://www.aeye.ai/careers/,,US
affirm,,,, 
afterverse,greenhouse,https://job-boards.greenhouse.io/afterverse,,Brazil
agentsync,rippling,https://agentsync.io/careers,,US
agility-robotics,greenhouse,https://www.agilityrobotics.com/careers,,US
agoda,,https://careersatagoda.com/,,Thailand
ahead,greenhouse,https://job-boards.greenhouse.io/ahead,,United States
ai-fleet,,,, 
ai21-labs,greenhouse,https://www.ai21.com/careers,,Israel
air,,,, 
airlift,lever,https://jobs.lever.co/airlifttechnologies,,Pakistan
airmap,rippling,https://ats.rippling.com/droneup/jobs,,US
airmeet,,https://www.airmeet.com/careers/,,India
airslate,lever,https://www.airslate.com/careers,,US
airtable,ashby,https://jobs.ashbyhq.com/airtable,,US
airtame,greenhouse,https://airtame.com/careers/,,Denmark
airtasker,,https://www.airtasker.com/careers/,,Australia
airthings,,https://www.airthings.com/careers,,Norway
airtime,greenhouse,https://job-boards.greenhouse.io/airtime,,United States
airy-rooms,,,, 
aiven,greenhouse,https://aiven.io/careers,,Finland
ajaib,greenhouse,https://job-boards.greenhouse.io/ajaib,,Indonesia
akerna,,https://www.akerna.com/company/careers,,United States
akili-interactive,greenhouse,https://www.akiliinteractive.com/careers,,US
akili-labs,greenhouse,https://www.akiliinteractive.com/careers,,US
akseleran,,,, 
akudo,,,, 
akulaku,,,, 
alarum,,https://alarum.io/careers/,,Israel
albert,greenhouse,https://job-boards.greenhouse.io/albertinvent,,Israel
alegion,,https://www.alegion.com/careers,,United States
aleph-alpha,ashby,https://aleph-alpha.com/careers,,Germany
aleph-farms,,,, 
alerzo,,,, 
algorand-foundation,rippling,https://algorand.co/algorand-foundation/careers,,
ali-technologies,,,, 
alibaba-cloud,,https://talent.alibaba.com/en/home,,China
alice,greenhouse,https://job-boards.greenhouse.io/alicetechnologies,,United States
aliexpress-russia,,,, 
allbirds,greenhouse,https://job-boards.greenhouse.io/allbirds,,United States
alle,,,, 
allyo,,https://www.allyo.com/company/careers,,United States
alma,greenhouse,https://job-boards.greenhouse.io/helloalma,,United States
almanac,,https://www.almanac.io/careers,,United States
alteryx,,https://careers.alteryx.com/,,United States
alto-pharmacy,greenhouse,https://job-boards.greenhouse.io/altopharmacy,,United States
altruist,greenhouse,https://job-boards.greenhouse.io/altruist,,United States
alza,,,, 
amazon,,,, 
amber-group,greenhouse,https://job-boards.greenhouse.io/ambergroup,,Hong Kong
ambev-tech,,https://ambevtech.gupy.io/,,Brazil
amd,,https://careers.amd.com/careers-home,,United States
amdocs,,,, 
american-robotics,,,, 
amicole,,,, 
amobee,,,, 
amount,,,, 
amperity,,,, 
amplero,,,, 
amplitude,greenhouse,https://job-boards.greenhouse.io/amplitude,,United States
anagram,,,, 
analog-devices,,,, 
anaplan,,,, 
anar,,,, 
ancestry,,,, 
anchorage-digital,,,, 
andela,,,, 
andgo,,,, 
angi,,,, 
ankorstore,,,, 
anodot,,,, 
ans-commerce,,,, 
answerlab,,,, 
antidote-health,,,, 
anyline,,,, 
anyvision,,,, 
anywell,,,, 
apartment-list,,,, 
apeel-sciences,,,, 
apnamart,,,, 
apollo-insurance,,,, 
app-annie,,,, 
appcues,lever,https://www.appcues.com/careers,,US
appfolio,,,, 
appgate,workable,https://www.appgate.com/careers,,US
appharvest,,,, 
apple,,https://jobs.apple.com/en-us/search,,United States
applied-material,,,, 
applovin,,,, 
appsflyer,,,, 
aptiv,,,, 
aqgromalin,,,, 
aqua-security,,,, 
arc,,,, 
arch-oncology,,,, 
archipelago,,,, 
arctic-wolf,,,, 
arete,,,, 
argo-ai,,,, 
argyle,greenhouse,https://job-boards.greenhouse.io/argyle,,United States
arive,greenhouse,https://www.arive.com/careers,,US
arkane-studios,,,, 
arm-holdings,,,, 
armis,,,, 
arrival,,,, 
arrive-logistics,,,, 
article,,,, 
artifact,,,, 
artlist,,,, 
artnight,,,, 
artsy,,,, 
asknicely,,,, 
asml,,,, 
aspiration,,,, 
aspire,,,, 
assurance,,,, 
assure,,,, 
astra,rippling,https://astra.com/careers,,US
astrate-medical,,,, 
astronomer,ashby,https://www.astronomer.io/careers/,,US
at-bay,greenhouse,https://www.at-bay.com/careers/,,US
atera,,,, 
athennian,rippling,https://www.athennian.com/careers,,Canada
atlanta-tech-village,,,, 
atlas-obscura,,,, 
atmosphere,,,, 
atome,,,, 
atsu,,,, 
attentive,,,, 
au10tix,,,, 
auctane,,,, 
audible,,,, 
audiocodes,,,, 
augury,,,, 
aura,,,, 
aura-financial,,,, 
aurora,,,, 
aurora-labs,,,, 
aurora-solar,ashby,https://aurorasolar.com/careers/,,US
autobooks,greenhouse,https://autobooks.co/careers/,,US
autodesk,,,, 
autograph,,,, 
automatic,,,, 
automation-anywhere,,,, 
automattic,greenhouse,https://automattic.com/work-with-us/jobs/,,US
automox,greenhouse,https://www.automox.com/careers,,US
ava-labs,,,, 
avalara,,,, 
avantage-entertainment,,,, 
avantstay,,,, 
avast,ashby,https://www.gendigital.com/us/en/life-gen/,,Czech Republic
avaya,,,, 
avidbots,greenhouse,https://avidbots.com/careers/,,CA
avocargo,,,, 
aware,,,, 
away,ashby,https://www.awaytravel.com/pages/careers,,US
awok,,,, 
axios-media,,,, 
axonius,greenhouse,https://www.axonius.com/company/careers,,US
aya,,,, 
ayoconnect,,,, 
azibo,smartrecruiters,https://www.azibo.com/careers,,US
b8ta,,,, 
babylon,,,, 
babylon-health,,,, 
back-market,ashby,https://www.backmarket.com/en-us/careers/home,,France
bakkt,,,, 
bally-s-interactive,,,, 
balto,greenhouse,https://www.balto.ai/careers,,US
bamboo-health,,,, 
bandcamp,,https://bandcamp.com/jobs,,US
banxa,,,, 
baraja,,,, 
bardee,,,, 
bark,greenhouse,https://bark.co/pages/careers,,US
basis-technologies,lever,https://basis.com/company/careers/,,US
bcredi,,,, 
beam-benefits,,,, 
beamery,,,, 
beat,,,, 
beepkart,,,, 
beetech,,,, 
believer-meats,,,, 
belora-paris,,,, 
bench,,,, 
benevolentai,,,, 
benitago-group,,,, 
bereal,ashby,https://jobs.ashbyhq.com/bereal,,France
berkeley-lights,,,, 
berlin-brands-group,,,, 
bestow,greenhouse,https://www.bestow.com/careers,,US
better-collective,recruitee,https://bettercollective.recruitee.com/,,Denmark
better-therapeutics,,,, 
better-com,ashby,https://better.com/about-us/careers,,US
bettercloud,ashby,https://jobs.ashbyhq.com/bettercloud,,US
betterfly,,,, 
betterment,greenhouse,https://www.betterment.com/careers,,US
betterup,greenhouse,https://www.betterup.com/about-us/careers,,US
bevi,greenhouse,https://bevi.co/careers/,,US
beyond-meat,,,, 
beyondminds,,,, 
bharatagri,,,, 
big-cabal-media,,,, 
big-fish-games,,,, 
bigbear-ai,,,, 
bigcommerce,,,, 
bigid,greenhouse,https://bigid.com/company/careers/,,US
bigpanda,,,, 
bikayi,,,, 
bilibili,,,, 
bill-com,greenhouse,https://www.bill.com/jobs,,US
billgo,,,, 
billion-hearts,,,, 
binance,lever,https://jobs.lever.co/binance,,
binance-us,ashby,https://jobs.ashbyhq.com/binance.us,,US
biofourmis,greenhouse,https://job-boards.greenhouse.io/biofourmis,,US
biomarin,,,, 
bionichive,,,, 
bishop-fox,greenhouse,https://bishopfox.com/careers,,US
bitfarms,,,, 
bitfront,,,, 
bitgo,greenhouse,https://www.bitgo.com/company/careers/,,US
bitmart,,,, 
bitmex,greenhouse,https://www.bitmex.com/careers,,
bitoasis,,,, 
bitpanda,greenhouse,https://www.bitpanda.com/en/career,,Austria
bitrise,,,, 
bitsight,,,, 
bitso,greenhouse,https://bitso.com/jobs,,
bittitan,,,, 
bittorrent,,,, 
bittrex,,,, 
bitwise,workable,https://apply.workable.com/bitwise,,US
bizongo,,,, 
bizpay,,,, 
bizzabo,,,, 
black-shark,lever,https://jobs.eu.lever.co/blackshark,,Austria
blackbaud,,,, 
blackbuck,,,, 
blackline,,,, 
bleacher-report,,,, 
blend,greenhouse,https://blend.com/company/careers/,,US
blink-charging,,,, 
blip,greenhouse,https://job-boards.greenhouse.io/blip,,
blissclub,,,, 
blockchain-com,,,, 
blockfi,,,, 
bloomtech,,,, 
blue-apron,,,, 
blue-nile,,,, 
blue-origin,,,, 
blueboard,,,, 
blueground,workable,https://www.theblueground.com/careers,,US
bluelearn,,,, 
bluepad,,,, 
bluestacks,,,, 
bluevine,greenhouse,https://job-boards.greenhouse.io/bluevineus,,US
blume-global,,,, 
bluprint,,,, 
bm-technologies,workable,https://jobs.workable.com/company/kU7R5sgfdDuftiNED4bZfd/jobs-at-bm-technologies%2C-inc.,,US
bobble-ai,,,, 
bolt,,,, 
bolt-earth,,,, 
bond,greenhouse,https://job-boards.greenhouse.io/bondfinancialtechnologies,,US
bonsai,workable,https://www.hellobonsai.com/careers,,US
bonterra,,,, 
bonusly,rippling,https://ats.rippling.com/bonusly/jobs,,US
bookclub,,,, 
booking-holdings,,,, 
booking-com,,,, 
bookmyshow,smartrecruiters,https://careers.smartrecruiters.com/BookMyShow,,
booksy,workable,https://apply.workable.com/booksy-1/,,US
booktopia,,,, 
boost,,,, 
boosted-commerce,,,, 
boozt,,,, 
bossa-nova,,,, 
bounce,ashby,https://bounce.com/careers,,US
bouncex,greenhouse,https://www.wunderkind.co/careers,,US
bowery-farming,,,, 
boxed,,,, 
braid,,,, 
brainbase,,,, 
brainly,smartrecruiters,https://careers.smartrecruiters.com/Brainly,,Poland
branch,,,, 
branch-metrics,greenhouse,https://job-boards.greenhouse.io/branch,,US
branch-io,greenhouse,https://job-boards.greenhouse.io/branch,,US
brave-care,,,, 
breadfast,,,, 
breathe,,,, 
breather,,,, 
brex,greenhouse,https://www.brex.com/careers,,US
bridge-connector,,,, 
bridgit,workable,https://gobridgit.com/careers/,,Canada
bright-machines,,,, 
bright-money,workable,https://apply.workable.com/bright-money/,,US
brightcove,,,, 
brighte,,,, 
brightline,ashby,https://www.brightline.com/about-us/careers/,,US
brilliant,lever,https://brilliant.org/careers/,,US
bringg,,,, 
britishvolt,,,, 
briza,,,, 
broadcom,,,, 
brodmann17,,,, 
bryter,,,, 
buenbit,,,, 
builder,greenhouse,https://www.builder.io/careers,,US
builder-ai,greenhouse,https://job-boards.greenhouse.io/builder,,UK
buildertrend,,,, 
built-in,greenhouse,https://job-boards.greenhouse.io/builtin,,US
built-technologies,greenhouse,https://job-boards.greenhouse.io/getbuilt,,US
built-technologies-copy,greenhouse,https://job-boards.greenhouse.io/getbuilt,,US
bukalapak,,,, 
bullhorn,,,, 
bullish,,,, 
bumble,lever,https://jobs.lever.co/bumbleinc,,US
bundle-africa,,,, 
bungalow,,,, 
bungie,greenhouse,https://careers.bungie.com/jobs,,US
bunnii,,,, 
busbud,,,, 
buser,,,, 
business-insider,greenhouse,https://www.businessinsider.com/work-at-business-insider,,US
bustle-digital-group,lever,https://www.bdg.com/careers-culture,,US
butler-hospitality,,,, 
butterfly-network,greenhouse,https://www.butterflynetwork.com/careers,,US
butterfly-network-copy,greenhouse,https://www.butterflynetwork.com/careers,,US
button,rippling,https://ats.rippling.com/button/jobs,,US
bux,,,, 
buy-com-rakuten,,,, 
buzzer,,,, 
buzzfeed,greenhouse,https://www.buzzfeed.com/about/jobs,,US
bvaccel,,,, 
bybit,greenhouse,https://www.bybit.global/en/promo/global/careers/,,
byju-s,,,, 
bytedance,,,, 
byton,,,, 
c2fo,,,, 
c3-ai,greenhouse,https://c3.ai/careers,,US
c6-bank,greenhouse,https://job-boards.greenhouse.io/c6bank,,
cabify,,,, 
cabin,greenhouse,https://job-boards.greenhouse.io/cabin,,US
cadre,,,, 
cake-bikes,,,, 
cake-group,,,, 
calibrate,greenhouse,https://job-boards.greenhouse.io/calibratecareers,,US
caliva,,,, 
callisto-media,,,, 
calm,greenhouse,https://job-boards.greenhouse.io/calm,,US
cambricon,,,, 
cameo,greenhouse,https://careers.cameo.com/jobs,,US
camp-k12,,,, 
cana,greenhouse,https://job-boards.greenhouse.io/cana,,US
candidate-labs,,,, 
candor-technology,,,, 
candy-digital,,,, 
canoo,,,, 
canva,smartrecruiters,https://careers.smartrecruiters.com/canva,,
capillary,,,, 
capital-one,,,, 
capiter,,,, 
capitolis,greenhouse,https://job-boards.greenhouse.io/capitolis,,US
capsule,,,, 
captain-fresh,smartrecruiters,https://careers.smartrecruiters.com/captainfresh,,
captiv8,,,, 
capway,,,, 
carbon,greenhouse,https://job-boards.greenhouse.io/carbon,,US
carbon-health,rippling,https://ats.rippling.com/carbon-health/jobs,,US
cardekho,smartrecruiters,https://careers.smartrecruiters.com/cardekho,,
cardlytics,greenhouse,https://www.cardlytics.com/careers,,US
care-com,smartrecruiters,https://careers.smartrecruiters.com/carecom,,US
care-of,,,, 
careem,greenhouse,https://job-boards.greenhouse.io/careem,,
career-karma,,,, 
careerarc,,,, 
careerbuilder-monster,,,, 
carerev,greenhouse,https://www.carerev.com/carerev-careers,,US
cargurus,greenhouse,https://job-boards.greenhouse.io/cargurus,,US
carousell,,,, 
cars-com,,,, 
cars24,smartrecruiters,https://careers.smartrecruiters.com/cars24,,
carsome,,,, 
cart-com,,,, 
cartrawler,lever,https://jobs.lever.co/cartrawler,,Ireland
carvana,greenhouse,https://job-boards.greenhouse.io/carvana,,US
carwow,ashby,https://jobs.ashbyhq.com/carwow,,UK
casavo,,,, 
cashfree-payments,,,, 
casper,,,, 
castlight-health,smartrecruiters,https://careers.smartrecruiters.com/castlighthealth,,US
catalant,,,, 
catalyst,rippling,https://www.totango.com/careers,,US
catch,,,, 
catch-com-au,,,, 
catena-media,smartrecruiters,https://careers.smartrecruiters.com/catenamedia,,Malta
cazoo,,,, 
cellebrite,,,, 
cellulant,,,, 
celsius,,,, 
center,,,, 
centr,rippling,https://ats.rippling.com/centr/jobs,,
century-therapeutics,,,, 
cerebral,greenhouse,https://job-boards.greenhouse.io/cerebral,,US
cerner,,,, 
certinia,,,, 
chainalysis,ashby,https://www.chainalysis.com/careers/job-openings/,,US
change-invest,,,, 
change-org,ashby,https://careers.change.org/,,US
character-ai,ashby,https://character.ai/careers,,US
chargebee,,,, 
chargepoint,greenhouse,https://job-boards.greenhouse.io/chargepoint,,US
checkmarx,,,, 
checkout-com,ashby,https://jobs.ashbyhq.com/checkout.com,,UK
cheddar,greenhouse,https://job-boards.greenhouse.io/cheddar,,US
cheetah,,,, 
chef,,,, 
chegg,,,, 
chessable,,,, 
chewy,,https://careers.chewy.com/,,United States
chia-network,,,, 
chief,ashby,https://jobs.ashbyhq.com/chief,,US
chili-piper,greenhouse,https://www.chilipiper.com/careers,,US
chingari,,,, 
chipax,,,, 
chipper-cash,,,, 
chope,,,, 
chownow,lever,https://jobs.lever.co/chownow,,US
chrono24,,,, 
cimpress,,https://cimpress.com/careers/,,Ireland
cin7,lever,https://jobs.lever.co/cin7,,
cint,smartrecruiters,https://careers.smartrecruiters.com/cint,,Sweden
ciphertrace,,,, 
circ,greenhouse,https://job-boards.greenhouse.io/circ,,Germany
circle,greenhouse,https://circle.com/en/careers,,United States
circleci,greenhouse,https://job-boards.greenhouse.io/circleci,,US
circles-life,greenhouse,https://careers.circles.life/,,Singapore
circleup,,https://circleup.com/careers,,United States
circulo-health,,https://www.circulohealth.com/careers,,United States
circus-kitchens,,,, 
cisco,,https://jobs.cisco.com/,,United States
citrine-informatics,rippling,https://ats.rippling.com/citrine-informatics/jobs,,US
citrix,,https://careers.cloud.com/,,United States
cityblock-health,greenhouse,https://www.cityblock.com/careers,,United States
citymall,smartrecruiters,https://careers.smartrecruiters.com/citymall,,
claravine,greenhouse,https://www.claravine.com/careers,,United States
clari,greenhouse,https://www.clari.com/company/careers/,,United States
clarify-health,lever,https://clarifyhealth.com/careers/,,United States
classkick,,,, 
classpass,greenhouse,https://classpass.com/careers,,United States
clear,greenhouse,https://www.clearme.com/careers,,United States
clear-capital,lever,https://www.clearcapital.com/careers/,,United States
clearbanc,ashby,https://clear.co/careers,,Canada
clearbit,,,, 
clearcover,greenhouse,https://clearcover.com/careers,,United States
clearpay,greenhouse,https://careers.afterpay.com/,,Australia
clever-real-estate,greenhouse,https://listwithclever.com/careers/,,United States
clevertap,,https://clevertap.com/careers/,,United States
clickup,ashby,https://clickup.com/careers,,United States
climeworks,recruitee,https://www.climeworks.com/careers,,Switzerland
clinc,,,, 
clockwork,greenhouse,https://clockwork.io/careers/,,US
cloud-software-group,,https://careers.cloud.com/,,United States
cloudera,greenhouse,https://www.cloudera.com/careers.html,,United States
cloudfactory,workable,https://cloudfactory.com/careers/,,United Kingdom
cloudinary,greenhouse,https://cloudinary.com/careers,,United States
cloudkitchens,greenhouse,https://cloudkitchens.com/careers,,United States
cloudtrucks,ashby,https://www.cloudtrucks.com/careers,,United States
clubhouse,greenhouse,https://www.clubhouse.com/careers,,United States
clue,greenhouse,https://helloclue.com/careers,,Germany
clumio,greenhouse,https://clumio.com/careers/,,United States
clutter,greenhouse,https://www.clutter.com/careers,,United States
clyde,workable,https://joinclyde.com/careers,,US
cnet,,,, 
coachhub,greenhouse,https://www.coachhub.com/en/careers/,,Germany
coda,greenhouse,https://coda.io/careers,,United States
code42,greenhouse,https://code42.com/careers/,,United States
codecademy,greenhouse,https://www.codecademy.com/about/careers,,United States
codeclan,,,, 
codecombat,greenhouse,https://codecombat.com/careers,,United States
codeparrot,,,, 
codesee,,,, 
codexis,,https://codexis.com/careers/,,United States
coding-dojo,,,, 
cogito,,https://www.cogitocorp.com/careers/,,United States
cognyte,,https://www.cognyte.com/careers/,,Israel
coherent,greenhouse,https://careers.coherent.com/,,United States
cohesity,greenhouse,https://www.cohesity.com/company/careers/,,United States
coho-ai,,,, 
coinbase,greenhouse,https://job-boards.greenhouse.io/coinbase,,US
coindcx,,https://careers.coindcx.com/,,India
coindesk,greenhouse,https://www.coindesk.com/careers/,,United States
coinflex,,,, 
coinjar,greenhouse,https://www.coinjar.com/careers,,Australia
coinsquare,,,, 
coinswitch,greenhouse,https://coinswitch.co/careers,,India
colab,,,, 
collage-com,rippling,https://www.collage.co/careers,,Canada
collective-health,greenhouse,https://collectivehealth.com/careers/,,United States
collibra,greenhouse,https://www.collibra.com/company/careers,,Belgium
color-health,greenhouse,https://www.color.com/careers,,United States
colossus,,,, 
commentsold,,https://www.commentsold.com/careers,,United States
commercehub,greenhouse,https://www.commercehub.com/company/careers/,,United States
commercetools,greenhouse,https://commercetools.com/careers,,Germany
commonbond,smartrecruiters,https://careers.smartrecruiters.com/commonbond,,US
community,,,, 
community-gaming,greenhouse,https://communitygaming.io/careers,,United States
commure,greenhouse,https://www.commure.com/careers,,United States
companycam,greenhouse,https://companycam.com/careers,,United States
comparis,,https://www.comparis.ch/ueber-uns/jobs/default,,Switzerland
compass,greenhouse,https://www.compass.com/careers/,,United States
compete,,,, 
complyant,,,, 
confluent,,https://careers.confluent.io/,,United States
conga,greenhouse,https://conga.com/company/careers,,United States
connected,,,, 
connectedh,,,, 
connectrn,greenhouse,https://www.connectrn.com/careers/,,United States
connectwise,greenhouse,https://www.connectwise.com/company/careers,,United States
consensys,greenhouse,https://consensys.io/careers,,United States
consider-co,ashby,https://consider.co/careers,,United States
contaazul,greenhouse,https://contaazul.gupy.io/,,Brazil
contentful,greenhouse,https://www.contentful.com/careers/,,Germany
contrafect,,,, 
convene,greenhouse,https://convene.com/careers,,United States
convoy,greenhouse,https://convoy.com/careers,,United States
cookpad,greenhouse,https://cookpad.com/us/careers,,Japan
copper,greenhouse,https://www.copper.com/company/careers,,United States
core-scientific,greenhouse,https://corescientific.com/careers/,,US
cornershop,,,, 
corover,,,, 
corrohealth,,,, 
corvus-insurance,,,, 
coschedule,,,, 
cosuno,ashby,https://www.cosuno.com/web/en/company#careers,,Germany
coterie-insurance,rippling,https://coterieinsurance.com/careers/,,US
coupa,,,, 
course-hero,greenhouse,https://job-boards.greenhouse.io/coursehero,,US
cova,,,, 
covermymeds,,,, 
covrzy,,,, 
cowbell,,,, 
crayon,,,, 
createme,,,, 
credit-karma,smartrecruiters,https://careers.smartrecruiters.com/creditkarma,,US
credit-sesame,,,, 
creditas,,,, 
crehana,,,, 
crejo-fun,,,, 
criteo,smartrecruiters,https://careers.smartrecruiters.com/criteo,,France
crossbeam,greenhouse,https://www.crossbeam.com/careers,,US
crowdstreet,smartrecruiters,https://careers.smartrecruiters.com/crowdstreet,,US
cruise,,,, 
crunchbase,ashby,https://jobs.ashbyhq.com/crunchbase,,US
crunchyroll,,,, 
crypto-com,,,, 
cs-disco,workable,https://apply.workable.com/disco,,US
cto-ai,workable,https://apply.workable.com/ctoai,,Canada
cue,,,, 
cue-health,,,, 
cuemath,workable,https://apply.workable.com/cuemath,,
cult-fit,,,, 
culture-amp,greenhouse,https://boards.greenhouse.io/cultureamp,,
culture-trip,,,, 
curalie,,,, 
curative,lever,https://jobs.lever.co/curative,,United States
curbio,,https://curbio.com/careers,,United States
curefit,,https://www.cult.fit/careers,,India
curology,workable,https://apply.workable.com/curology,,US
currency,workable,https://apply.workable.com/currencycloud,,UK
curve,workable,https://apply.workable.com/curve,,UK
cushion,,,, 
cuyana,,,, 
cvent,,,, 
cyberark,,,, 
cyberbit,,,, 
cybercube,,,, 
cybereason,greenhouse,https://www.cybereason.com/company/careers,,United States
cybergrx,,,, 
cyberproof,,,, 
cycognito,,,, 
cypress-io,greenhouse,https://boards.greenhouse.io/cypressio,,US
cyren,smartrecruiters,https://careers.smartrecruiters.com/cyren,,US
cyteir-therapeutics,,,, 
d-id,workable,https://apply.workable.com/d-id,,
d2iq,,,, 
daily-harvest,,,, 
dailypay,ashby,https://jobs.ashbyhq.com/dailypay,,US
daloopa,,,, 
dance,workable,https://apply.workable.com/dance,,Germany
dandy,ashby,https://jobs.ashbyhq.com/dandy,,US
daniel-wellington,,,, 
dapper-labs,lever,https://www.dapperlabs.com/careers,,Canada
daraz,,,, 
dare,,,, 
dark,,,, 
darrow,,,, 
dash,,,, 
dastgyr,,,, 
datagen,,,, 
dataminr,workable,https://apply.workable.com/dataminr,,US
datarails,,,, 
datarobot,,,, 
datastax,,,, 
datera,,,, 
datree,,,, 
datto,workable,https://apply.workable.com/datto,,US
dayforce,,,, 
daylight,greenhouse,https://job-boards.greenhouse.io/daylight,,US
daytwo,,,, 
dazn,greenhouse,https://careers.dazn.com/,,United Kingdom
dbt-labs,greenhouse,https://www.getdbt.com/careers,,United States
deadspin,,,, 
dealshare,,,, 
dealtale,,,, 
decent,,,, 
deep-instict,,,, 
deep-instinct,,,, 
deepverge,,,, 
deepwatch,,,, 
defined-ai,,,, 
definitive-healthcare,workable,https://apply.workable.com/definitive-healthcare,,US
degreed,,,, 
dehaat,workable,https://apply.workable.com/dehaat,,
deliv,smartrecruiters,https://careers.smartrecruiters.com/deliv,,US
deliveroo,greenhouse,https://careers.deliveroo.co.uk/,,United Kingdom
deliveroo-australia,,,, 
delivery-hero,smartrecruiters,https://careers.deliveryhero.com/global/en,,Germany
dell,,,, 
demandbase,ashby,https://jobs.ashbyhq.com/demandbase,,US
deputy,greenhouse,https://www.deputy.com/careers,,Australia
descartes-labs,workable,https://apply.workable.com/descartes-labs,,US
desktop-metal,,,, 
detectify,,,, 
devo,,,, 
dextrous-robotics,,,, 
dhi-group,,,, 
dialsource,,,, 
dice,,,, 
digg,,,, 
digimarc,workable,https://apply.workable.com/digimarc,,US
digital-currency-gruop,,,, 
digital-river,,,, 
digital-surge,,,, 
digitalocean,,,, 
discord,greenhouse,https://discord.com/jobs,,United States
discourse,,,, 
dispatch,ashby,https://jobs.ashbyhq.com/dispatch,,US
dispatchhealth,smartrecruiters,https://careers.smartrecruiters.com/dispatchhealth,,US
divergent-3d,,,, 
divvy,greenhouse,https://www.bill.com/careers/,,United States
divvy-homes,greenhouse,https://www.divvyhomes.com/careers,,US
divvydose,,https://www.divvydose.com/careers,,United States
dji,,,, 
dock,,,, 
docly,,,, 
docusign,,,, 
doma,greenhouse,https://www.doma.com/tech/careers/,,US
domestika,,,, 
domino-data-lab,greenhouse,https://www.dominodatalab.com/company/careers,,United States
domio,,,, 
domo,,,, 
dooly,,,, 
doordash,,,, 
dot-la,,,, 
dotscience,,,, 
doublecloud,,,, 
doubtnut,,,, 
dover,,,, 
doximity,greenhouse,https://job-boards.greenhouse.io/doximity,,US
dozee,lever,https://www.dozeehealth.ai/careers,,
draftkings,,,, 
dragos,greenhouse,https://www.dragos.com/careers,,US
drata,ashby,https://jobs.ashbyhq.com/drata,,US
dreambox-learning,,,, 
drift,,,, 
drip,,,, 
drip-capital,,,, 
drivewealth,greenhouse,https://boards.greenhouse.io/drivewealth,,US
drizly,,,, 
droneup,rippling,https://ats.rippling.com/droneup/jobs,,US
drop,,,, 
dropp,,,, 
dsco,,,, 
duck-creek-technologies,,,, 
dude-solutions,,,, 
dukaan,,,, 
dune,ashby,https://jobs.ashbyhq.com/dune,,US
dunzo,,,, 
dutch,lever,https://www.dutch.com/pages/careers,,US
dutchie,greenhouse,https://dutchie.com/business/careers,,US
dux-education,,,, 
dwellwell,,,, 
dydx,gem,https://jobs.gem.com/dydx,,US
dynamic-signal,,,, 
e-inc,rippling,https://ats.rippling.com/einc/jobs,,US
earnin,greenhouse,https://job-boards.greenhouse.io/earnin,,US
earnix,,,, 
earth-rides,,,, 
easee,,,, 
easyknock,,,, 
easypost,recruitee,https://easypost.recruitee.com/,,US
eat-just,greenhouse,https://www.ju.st/careers,,US
eatsy,,,, 
eaze,,,, 
ebanx,greenhouse,https://www.ebanx.com/en/careers/,,
ebay,,,, 
ecobee,,,, 
eden-managed-by-q,gem,https://jobs.gem.com/eden,,United States
edgio,,,, 
edifecs,,https://www.cotiviti.com/careers,,United States
editas-medicine,workable,https://www.editasmedicine.com/careers/,,United States
edmodo,,https://www.edmodo.com/careers,,United States
egym,ashby,https://us.egym.com/en-us/careers,,Germany
eigen-labs,ashby,https://jobs.ashbyhq.com/eigen-labs,,United States
eight-sleep,lever,https://www.eightsleep.com/careers/,,United States
eightfold-ai,,https://eightfold.ai/company/careers/,,United States
ejento,,,, 
elastic,greenhouse,https://www.elastic.co/careers,,United States
electric,ashby,https://electric.ai/about-electric/careers,,US
electriq-global,,,, 
electronic-arts,,,, 
element,workable,https://element.io/careers,,UK
element-ai,,,, 
element-analytics,,,, 
elementor,,,, 
elemy,,,, 
elinvar,,,, 
elliptic,ashby,https://jobs.ashbyhq.com/elliptic,,UK
embark-trucks,,,, 
embark-vet,,,, 
embroker,,,, 
emitwise,,,, 
emma-sleep,lever,https://team.emma-sleep.com/career-openings,,Germany
emotive,,,, 
emx-digital,,,, 
endowus,,https://endowus.com/careers,,Singapore
engine-ecommerce,,https://engine.com/careers,,Netherlands
enjoei,,,, 
enjoy,,,, 
enovix,,https://www.enovix.com/careers/,,United States
enpal,ashby,https://jobs.ashbyhq.com/enpal,,Germany
enphase-energy,,,, 
entropy,,,, 
envato,lever,https://envato.com/careers,,
envoy,ashby,https://envoy.com/careers/,,United States
epic-games,greenhouse,https://job-boards.greenhouse.io/epicgames,,US
epicery,,,, 
epidemic-sound,ashby,https://careers.epidemicsound.com/jobs,,Sweden
eqrx,,,, 
equip-health,ashby,https://equip.health/careers,,United States
equitybee,,,, 
equityzen,greenhouse,https://job-boards.greenhouse.io/equityzen,,US
ericsson,,,, 
ermetic,,,, 
eroad,,,, 
eruditus,,,, 
esh-group,,,, 
esme-learning,,,, 
etermax,,,, 
ethereum-foundation,ashby,https://jobs.ashbyhq.com/ethereum-foundation,,Switzerland
ethos-life,greenhouse,https://www.ethos.com/careers/,,US
etoro,,,, 
etsy,,https://www.etsy.com/careers,,United States
eucalyptus,,,, 
euler-motors,,,, 
eurora,,,, 
evbox,lever,https://evbox.com/en/careers,,Netherlands
eventbrite,,,, 
eventus,,,, 
everbridge,lever,https://www.everbridge.com/about/careers/,,US
everc,,,, 
everlane,greenhouse,https://www.everlane.com/pages/careers,,US
everlaw,greenhouse,https://www.everlaw.com/careers/,,US
everledger,,,, 
evernote,,,, 
everquote,greenhouse,https://careers.everquote.com/,,US
everybuddy,,,, 
evgo,rippling,https://www.evgo.com/company/careers/,,US
eviation-aircraft,,,, 
evolve,greenhouse,https://evolve.com/careers,,US
exabeam,greenhouse,https://www.exabeam.com/company/careers/,,US
examedi,,,, 
exodus,,,, 
exosonic,,,, 
exotel,,,, 
expedia,,,, 
expel,greenhouse,https://expel.com/about/careers/,,United States
expert360,,,, 
exterro,,,, 
extrahop,greenhouse,https://www.extrahop.com/careers,,US
extramarks,,,, 
eyeem,,,, 
eyowo,,,, 
ezcater,lever,https://www.ezcater.com/company/careers/,,US
ezoic,,,, 
f-secure,,,, 
f5,,,, 
fabhotels,,,, 
fable,,https://makeitfable.com/about-fable/careers/,,Canada
fabric,,,, 
facily,,,, 
factorial,,,, 
fanclash,,,, 
fandom,greenhouse,https://about.fandom.com/careers/,,US
fanduel,greenhouse,https://www.fanduel.careers/,,US
fareportal,,,, 
fareye,,,, 
farfetch,lever,https://aboutfarfetch.com/careers/hiring/,,United Kingdom
fashinza,,,, 
fast,,,, 
fastly,greenhouse,https://www.fastly.com/about/careers,,United States
fate-therapeutics,,,, 
favo,,,, 
faze-medicines,,,, 
feather,,,, 
feedzai,greenhouse,https://careers.feedzai.com/,,Portugal
femtech-health,,,, 
fetch,greenhouse,https://fetch.com/careers,,US
fi-money,,,, 
fifth-season,,,, 
figure,greenhouse,https://www.figure.com/careers/,,US
filevine,lever,https://www.filevine.com/jobs/,,US
filmic,,,, 
finastra,,,, 
finite-state,greenhouse,https://finitestate.io/careers,,US
finleap-connect,,,, 
fintechos,,,, 
fipola,,,, 
fireblocks,greenhouse,https://www.fireblocks.com/careers/,,US
firebolt,,,, 
firehydrant,rippling,https://firehydrant.com/careers/,,US
firework,lever,https://firework.com/careers,,US
first-aml,,,, 
first-mode,,,, 
fiscalnote,lever,https://fiscalnote.com/join-us,,US
fishbrain,,,, 
fisker,,,, 
fission,,,, 
fit-analytics,,,, 
fittr,,,, 
fiverr,,,, 
flash-coffee,,,, 
flatiron-health,,,, 
flatiron-school,rippling,https://flatironschool.com/careers,,US
flex,greenhouse,https://getflex.com/company/careers,,US
flex-ai,rippling,https://flex.ai/careers,,Canada
flexcar,,,, 
flexe,greenhouse,https://www.flexe.com/careers/,,US
flightstats,,,, 
flink,,,, 
flip,ashby,https://jobs.ashbyhq.com/flip,,Germany
flipboard,greenhouse,https://about.flipboard.com/careers/,,US
flipkart,,,, 
flock-freight,,,, 
flockjay,,,, 
floqast,lever,https://jobs.lever.co/floqast,,US
flowhub,ashby,https://jobs.ashbyhq.com/flowhub,,US
flowr,,,, 
fluke,,,, 
flutterwave,,,, 
flux-systems,,,, 
fly-io,,,, 
flyhomes,,,, 
flymya,recruitee,https://flymya.recruitee.com/,,
flynote,,,, 
flytedesk,,,, 
flywheel-sports,,,, 
flywire,,,, 
fnz,,,, 
food52,,,, 
foodpanda,,,, 
foodsby,,,, 
forescout,,,, 
foresight-insurance,,,, 
foretellix,,,, 
forgerock,,,, 
form-energy,ashby,https://jobs.ashbyhq.com/formEnergy,,US
forma-ai,,,, 
formfactor,,,, 
formlabs,greenhouse,https://careers.formlabs.com/,,US
formstack,ashby,https://www.intellistack.com/careers,,US
fortinet,,,, 
forto,ashby,https://jobs.ashbyhq.com/forto,,Germany
forward,greenhouse,https://getfwd.com/careers,,US
foundation-medicine,,,, 
foundry,greenhouse,https://job-boards.greenhouse.io/foundry,,US
fourkites,greenhouse,https://job-boards.greenhouse.io/fourkites,,US
foursquare,ashby,https://jobs.ashbyhq.com/foursquare,,US
foxtrot,,,, 
fraazo,,,, 
fractal-software,greenhouse,https://job-boards.greenhouse.io/fractalsoftware,,Canada
franshares,,,, 
freenome,greenhouse,https://job-boards.greenhouse.io/freenome,,US
freetrade,ashby,https://jobs.ashbyhq.com/freetrade,,UK
freightos,,,, 
freightwaves,,,, 
frequency-therapeutics,,,, 
freshdirect,,,, 
freshly,,,, 
freshworks,smartrecruiters,https://careers.smartrecruiters.com/Freshworks,,US
friday-health-plans,,,, 
front,ashby,https://front.com/jobs,,US
frontdesk,,,, 
frontrow,,,, 
frubana,,,, 
fubotv,greenhouse,https://careers.fubo.tv/fubotv-job-openings/,,US
fullstory,ashby,https://www.fullstory.com/careers/,,US
fundbox,,,, 
funding-circle,ashby,https://jobs.ashbyhq.com/fundingCircle,,UK
funding-societies,,,, 
fungible,,,, 
furlenco,,,, 
futurelearn,,,, 
fuzzy,,,, 
g-o-media-group,,,, 
g2,ashby,https://jobs.ashbyhq.com/g2,,US
gambling-com-group,,,, 
games-24x7,,,, 
gameskraft,,,, 
gamurs-group,,,, 
gated,,,, 
gatherly,,,, 
gavelytics,,,, 
geekwire,,,, 
gemini,greenhouse,https://boards.greenhouse.io/gemini,,US
general-fusion,,,, 
genesis,ashby,https://jobs.ashbyhq.com/genesis,,US
genius,greenhouse,https://job-boards.greenhouse.io/genius,,US
genome-medical,lever,https://jobs.lever.co/genome-medical,,US
genwise,,,, 
geocomply,,,, 
getaround,,,, 
getir,,,, 
getninjas,,,, 
getta,,,, 
getyourguide,greenhouse,https://job-boards.greenhouse.io/getyourguide,,Germany
ghost-autonomy,,,, 
gigamon,,,, 
gigbanc,,,, 
ginkgo-bioworks,greenhouse,https://job-boards.greenhouse.io/ginkgobioworks,,US
github,,,, 
gitpod,,,, 
give-legacy,,,, 
glamyo-health,,,, 
glassbox,,,, 
glassdoor,,,, 
glean-ai,,,, 
glints,,,, 
glisser,,,, 
glitch,,,, 
gloat,,,, 
gloo,,,, 
glorifi,,,, 
glossier,lever,https://life.glossier.com/,,US
glovo,,,, 
glowforge,,,, 
goat-group,,,, 
gobear,,,, 
gobolt,,,, 
gocanvas,,,, 
godaddy,greenhouse,https://careers.godaddy/,,US
gofundme,greenhouse,https://www.gofundme.com/c/careers,,US
gohealth,,,, 
gojek,,,, 
gokada,,,, 
gokwik,,,, 
golemon,,,, 
gomechanic,,,, 
gong,,,, 
gonuts,,,, 
goodfood,,,, 
goodgood,,,, 
goodrx,,,, 
goodworker,,,, 
google,,,, 
goop,,,, 
gopro,greenhouse,https://jobs.gopro.com/en/us,,US
gopuff,,,, 
gorillas,,,, 
gospotcheck,,,, 
gostudent,,,, 
goto,,,, 
goto-group,,,, 
gousto,smartrecruiters,https://www.gousto.co.uk/jobs,,UK
gowild,,,, 
grab,smartrecruiters,https://www.grab.careers/,,Singapore
grabango,,,, 
grabcad,,,, 
grail,,,, 
grailed,greenhouse,https://www.grailed.com/,,US
gramophone,,,, 
graphcore,greenhouse,https://www.graphcore.ai/early-careers,,UK
graphy,,,, 
graymeta,,,, 
green-labs,,,, 
greenhouse,greenhouse,https://www.greenhouse.com/careers,,US
greenikk,,,, 
greenlight,,,, 
grin,greenhouse,https://grin.co/careers/jobs/,,US
gro-intelligence,,,, 
groundgame-health,,,, 
group-nine-media,,,, 
groupon,greenhouse,https://job-boards.greenhouse.io/groupon,,US
grove-collaborative,greenhouse,https://job-boards.greenhouse.io/grovecollaborative,,US
grover,greenhouse,https://www.grover.com/de-en/g-about/grover-careers,,Germany
grubhub,,,, 
gsr,,,, 
guardant-health,,,, 
guesty,,https://www.guesty.com/careers/,,Israel
guideline,,,, 
guidewire,,https://www.guidewire.com/about/careers,,US
guild,,https://guild.com/careers,,US
gumgum,,https://gumgum.com/careers,,US
gupshup,,https://www.gupshup.ai/careers,,US
gupy,,,, 
gympass,greenhouse,https://wellhub.com/careers/,,US
hackerearth,,,, 
hackerone,ashby,https://www.hackerone.com/careers,,US
hailo,,https://hailo.ai/company-overview/careers/,,Israel
halcyon-health,greenhouse,https://www.halcyon.ai/careers,,US
halodoc,,https://www.halodoc.com/career,,Indonesia
happay,,https://happay.com/careers/,,India
happy-money,greenhouse,https://www.happymoney.com/careers,,US
harappa,,,, 
hash,ashby,https://hash.ai/careers,,UK
haus,ashby,https://www.haus.io/careers,,US
haven-technologies,,,, 
havenly,,https://havenly.com/careers,,US
head-digital-works,,https://hdworks.in/join-our-team/,,India
headspace,greenhouse,https://www.headspace.com/join-us?origin=navigation,,US
health-iq,,,, 
healthcare-com,,,, 
healthifyme,,https://www.healthifyme.com/careers/,,India
healthmatch,ashby,https://jobs.ashbyhq.com/healthmatch,,Australia
healthy-io,,https://healthy.io/careers/,,UK
hedvig,,https://www.hedvig.com/se-en/hedvig/jobs,,Sweden
hellofresh,,,, 
help-scout,ashby,https://www.helpscout.com/company/careers/,,US
help-com,,,, 
her-campus-media,,https://www.hercampusmedia.com/careers-at-hcm-new,,US
here,,https://www.here.com/about/careers,,Netherlands
hermd,,,, 
heroes,,https://makeheroes.co/careers/,,UK
heureka-group,,https://join.heureka.group/en/jobs,,Czech Republic
hewlett-packard-enterprise,,https://careers.hpe.com/us/en,,US
heycar,greenhouse,https://job-boards.greenhouse.io/heycar,,Germany
heygo,,,, 
heyjobs,,,, 
hibob,,https://www.hibob.com/careers/,,UK
highradius,greenhouse,https://www.highradius.com/about/career/,,US
highsnobiety,smartrecruiters,https://company.highsnobiety.com/jobs,,Germany
highspot,lever,https://www.highspot.com/careers/,,US
hijra,,https://hijra-bank.com/careers-2/,,Ethiopia
hike,workable,https://apply.workable.com/hike/,,India
hims-hers,greenhouse,https://boards.greenhouse.io/himshers,,US
hinge-health,ashby,https://jobs.ashbyhq.com/hinge-health,,US
hipcamp,rippling,https://ats.rippling.com/join-the-hipcamp-team/jobs,,US
hippo-insurance,greenhouse,https://www.hippo.com/careers,,US
hirect,,,, 
hired,,,, 
hireology,,https://hireology.com/careers/,,US
hodinkee,,,, 
hodlnaut,,https://www.hodlnaut.com/careers/data-engineer,,Singapore
hologram,greenhouse,https://www.hologram.io/careers/,,US
homebot,ashby,https://homebot.ai/careers,,US
homebound,ashby,https://www.homebound.com/careers,,US
homeday,,https://www.homeday.de/de/jobs/,,Germany
homelane,,https://sentinel.homelane.com/,,India
homelight,greenhouse,https://www.homelight.com/careers,,US
homepoint,,,, 
hometap,greenhouse,https://www.hometap.com/careers,,US
homeward,greenhouse,https://www.homeward.com/careers,,US
homie,,https://www.homie.com/careers/,,US
homology,,,, 
honor,greenhouse,https://job-boards.greenhouse.io/honor,,US
hooq,,,, 
hooray-foods,,,, 
hopin,,,, 
hopskipdrive,greenhouse,https://www.hopskipdrive.com/careers/,,US
horizn-studios,,https://horizn-studios.com/pages/jobs,,Germany
hotmart,greenhouse,https://hotmart.com/en/jobs,,Brazil
houzz,lever,https://jobs.lever.co/houzz,,US
hoxhunt,ashby,https://hoxhunt.com/careers,,Finland
hp,,https://jobs.hp.com/,,US
huawei,,https://career.huawei.com/en,,China
hubba,,,, 
hubhaus,,,, 
hubilo,,https://hubilo.hire.trakstar.com/,,US
hubspot,greenhouse,https://www.hubspot.com/careers,,US
huffpo,,https://www.huffpost.com/static/jobs,,US
hugging-face,workable,https://apply.workable.com/huggingface/,,US
hulu,,https://www.disneycareers.com/en/teams/hulu/,,US
huma,,https://www.huma.com/careers,,UK
humane,,,, 
humanforest,,,, 
humble,,https://jobs.jobvite.com/humble-bundle/jobs/,,US
humble-games,,,, 
humu,,,, 
hunty,,,, 
huobi,,,, 
huuuge-games,,,, 
hydrow,lever,https://jobs.lever.co/Hydrow,,US
hyland-software,,,, 
hypefast,,,, 
hyperloop-one,,,, 
hyperscience,lever,https://jobs.lever.co/hyperscience,,US
iac,,,, 
iam-robotics,,,, 
ibm,,,, 
ibotta,ashby,https://jobs.ashbyhq.com/ibotta,,US
icad,,,, 
icann,,,, 
icertis,,,, 
icims,,,, 
icon,,https://careers.iconplc.com/jobs-in-canada,,Ireland
id-me,greenhouse,https://job-boards.greenhouse.io/idme,,US
identiq,,https://www.identiq.com/careers,,Israel
ideoclick,,https://www.ideoclick.com/careers,,United States
ifit,greenhouse,https://www.ifit.com/about/careers,,United States
iflix,,https://careers.wearegroupm.com/flix,,Malaysia
ifood,greenhouse,https://carreiras.ifood.com.br/en/,,Brazil
igenous,,,, 
ignite,,https://ignitestudentlife.applytojobs.ca/,,Canada
ignition,greenhouse,https://job-boards.greenhouse.io/ignition,,Australia
ike,,,, 
illumina,,https://jobs.illumina.com/,,United States
immersive-labs,greenhouse,https://job-boards.greenhouse.io/immersivelabs,,United Kingdom
immutable,greenhouse,https://job-boards.greenhouse.io/immutable,,Australia
impact-com,greenhouse,https://job-boards.greenhouse.io/impactcom,,United States
impala,,,, 
imperfect-foods,lever,https://jobs.lever.co/imperfectfoods,,United States
impinj,greenhouse,https://job-boards.greenhouse.io/impinjexternal,,US
impossible-foods,greenhouse,https://job-boards.greenhouse.io/impossiblefoods,,United States
improbable,greenhouse,https://job-boards.greenhouse.io/improbable,,United Kingdom
inbound-health,lever,https://jobs.lever.co/inboundhealth,,United States
included-health,greenhouse,https://job-boards.greenhouse.io/includedhealth,,United States
incredible-health,greenhouse,https://www.incrediblehealth.com/careers,,United States
incredibuild,workable,https://www.incredibuild.com/careers/,,Israel
increff,,https://increff.com/careers/,,India
indebted,greenhouse,https://job-boards.greenhouse.io/indebted,,Australia
indeed,smartrecruiters,https://careers.indeed.com/,,United States
indeed-glassdoor,smartrecruiters,https://careers.smartrecruiters.com/Glassdoor,,US
indigo,smartrecruiters,https://careers.indigo.com/,,Canada
indrive,lever,https://jobs.lever.co/indrive,,United States
infarm,,https://infarm.com/careers/,,Germany
infineon,,https://jobs.infineon.com/,,Germany
influitive,,https://influitive.com/careers/,,Canada
infogrid,greenhouse,https://job-boards.greenhouse.io/infogrid,,United Kingdom
informatica,,https://careers.informatica.com/us/en,,United States
infosum,greenhouse,https://job-boards.greenhouse.io/infosum,,United Kingdom
inmobi,greenhouse,https://job-boards.greenhouse.io/inmobi,,India
innovaccer,workable,https://innovaccer.com/careers/jobs,,US
innovid,greenhouse,https://job-boards.greenhouse.io/innovid,,US
innoviz,,,, 
inscribe,,,, 
inscripta,,,, 
insider,lever,https://jobs.lever.co/useinsider,,Turkey
insider-intelligence,,,, 
insightec,,,, 
inspectify,,,, 
inspirato,,,, 
instacart,greenhouse,https://instacart.careers/current-openings/,,United States
instagram,,https://www.metacareers.com/teams/instagram/,,United States
instamojo,,,, 
instructure,ashby,https://jobs.ashbyhq.com/instructure,,US
insurstaq-ai,,,, 
intapp,,,, 
integral-ad-science,,,, 
integrate,lever,https://jobs.lever.co/integrate,,US
integrate-ai,,,, 
intel,,,, 
intelycare,,,, 
intercom,lever,https://jobs.lever.co/intercom,,Ireland
intersect,lever,https://jobs.lever.co/intersect,,
interview-kickstart,ashby,https://jobs.ashbyhq.com/interview-kickstart,,US
intrinsic,greenhouse,https://boards.greenhouse.io/intrinsicrobotics,,US
introhive,,,, 
intuit,,,, 
inuitive,,,, 
investcloud,,,, 
invision,,,, 
invitae,,,, 
involves,,,, 
iprice-group,,,, 
iqiyi-smart,,,, 
iress,,,, 
iris-nova,,,, 
irl,,,, 
irobot,,,, 
iron-ox,,,, 
ironnet,,,, 
ispecimen,,,, 
jam-city,lever,https://jobs.lever.co/jamcity,,US
jama,,,, 
jamf,greenhouse,https://www.jamf.com/about/careers/,,United States
jasper,,,, 
jasper-health,,,, 
jd-id,,,, 
jellyfish,greenhouse,https://job-boards.greenhouse.io/jellyfish,,United States
jellysmack,,,, 
jetclosing,,,, 
jetty,,,, 
jimdo,,,, 
jiobit,,,, 
jiviai,,,, 
jobcase,,,, 
jodo,,,, 
join,,,, 
jokr,,,, 
joonko,smartrecruiters,https://jobs.smartrecruiters.com/joonko,,
jounce-therapeutics,,,, 
journera,,,, 
jumia,greenhouse,https://job-boards.eu.greenhouse.io/jumia,,Germany
jumio,greenhouse,https://job-boards.greenhouse.io/jumio,,US
jump,ashby,https://jobs.ashbyhq.com/jump,,
jumpcloud,lever,https://jobs.lever.co/jumpcloud,,US
jungle-scout,,,, 
junglee-games,,,, 
juni,,,, 
juniper,,,, 
juniper-networks,,https://careers.juniper.net/,,United States
juniper-square,ashby,https://jobs.ashbyhq.com/junipersquare,,US
jupiterone,workable,https://www.jupiterone.com/careers,,US
just-eat,,https://careers.justeattakeaway.com/global/en,,United Kingdom
just-eat-takeaway,,https://careers.justeattakeaway.com/global/en,,Netherlands
juul,greenhouse,https://job-boards.greenhouse.io/juullabs,,US
kaiyo,,,, 
kaleidoscope,,,, 
kaltura,,,, 
kandela,,,, 
kandji,,,, 
kaodim,,,, 
kape,,,, 
kape-technologies,,,, 
kapten-free-now,,,, 
karakuki,,,, 
karat,greenhouse,https://job-boards.greenhouse.io/karat,,US
karat-financial,,,, 
karbon,greenhouse,https://job-boards.greenhouse.io/karbon,,US
karhoo,,,, 
karma,,,, 
karshare,,,, 
kaseya,greenhouse,https://job-boards.greenhouse.io/kaseya,,US
kaspersky,,,, 
kaspien,,,, 
katana,ashby,https://jobs.ashbyhq.com/katana,,Estonia
katerra,,,, 
kavak,lever,https://jobs.lever.co/kavak,,
kayak-opentable,,,, 
kazoo,,,, 
keepe,,,, 
keeptruckin,greenhouse,https://careers.motive.com/,,United States
kenko-health,,,, 
kenoby,,,, 
kevin,,,, 
khatabook,,,, 
khoros,,,, 
kiavi,greenhouse,https://boards.greenhouse.io/kiavi,,US
kickstarter,greenhouse,https://boards.greenhouse.io/kickstarter,,US
kinaxis,,,, 
kinde,,,, 
king-com,,https://careers.king.com/,,SE
kissflow,,https://careers.kissflow.com/,,IN
kite,,https://www.kitepharma.com/careers/careers-at-kite,,US
kitopi,lever,https://www.kitopi.com/careers,,
kitty-hawk,,,, 
kiwi-com,ashby,https://jobs.ashbyhq.com/kiwi-com,,Czech Republic
kiwico,greenhouse,https://www.kiwico.com/jobs,,US
klarna,,https://www.klarna.com/careers/,,SE
klaviyo,greenhouse,https://boards.greenhouse.io/klaviyo,,US
kleos-space,,,, 
klook,,https://www.klookcareers.com/,,HK
klub,,,, 
knock,ashby,https://jobs.ashbyhq.com/knock,,US
knotel,,,, 
knownorigin,,,, 
kobo360,,https://kobo360.jobsoid.com/,,NG
kodiak-robotics,greenhouse,https://kodiak.ai/careers,,US
kogan,lever,https://jobs.lever.co/kogan,,
koinly,,,, 
koinworks,,,, 
komodo-health,greenhouse,https://job-boards.greenhouse.io/komodohealth,,US
konfio,,,, 
kongregate,,,, 
kontist,,,, 
koo,,,, 
kraken,ashby,https://jobs.ashbyhq.com/kraken.com,,US
krutrim,,,, 
kry,,,, 
kuda,,,, 
kueski,ashby,https://jobs.ashbyhq.com/kueski,,
kuku-fm,,,, 
kumu,,,, 
kune,,,, 
kununu,,,, 
kyndryl,,https://www.kyndryl.com/us/en/careers,,US
kyruus,,https://www.kyruushealth.com/company/careers/,,US
kyte,,,, 
l1ght,,,, 
labelbox,greenhouse,https://boards.greenhouse.io/labelbox,,US
labster,,https://www.labster.com/careers,,DK
lacework,,https://www.fortinet.com/corporate/careers,,US
ladder-life,greenhouse,https://www.ladderlife.com/careers,,US
ladenzeile,,,, 
lam-research,,https://www.lamresearch.com/careers/,,US
lambda-school,lever,https://www.bloomtech.com/careers,,US
lamudi-indonesia,,,, 
landing,,,, 
lantern,gem,https://www.gem.com/job-board/lantern,,
lastline,,,, 
lastminute,,https://www.lastminute.com/careers/jobs/,,GB
latch,lever,https://jobs.lever.co/latch,,US
lawgeex,,,, 
laybuy,,,, 
lazada-group,,https://www.lazada.com/en/careers/,,SG
lazerpay,,,, 
le-tote,,,, 
lead,,,, 
leaflink,greenhouse,https://boards.greenhouse.io/leaflink,,US
leafly,,https://www.leafly.com/careers,,US
league,greenhouse,https://www.league.com/careers,,Canada
learnupon,greenhouse,https://boards.greenhouse.io/learnupon,,Ireland
leddartech,,,, 
ledger,ashby,https://jobs.ashbyhq.com/ledger,,France
ledger-investing,,,, 
ledn,,,, 
legalzoom,,https://www.legalzoom.com/careers.html,,US
legible,,,, 
lemon,,,, 
lemonade,ashby,https://jobs.ashbyhq.com/lemonade,,US
lendi,,https://lendi.com.au/careers,,AU
lending-club,,https://www.lendingclub.com/company/careers,,US
lendingkart,,,, 
lendingtree,greenhouse,https://boards.greenhouse.io/lendingtree,,US
lendio,,https://www.lendio.com/careers/,,US
lendis,,,, 
lenovo,,https://jobs.lenovo.com/,,CN
lentra,,,, 
letsgetchecked,greenhouse,https://boards.greenhouse.io/letsgetchecked,,Ireland
lev,,,, 
level,ashby,https://jobs.ashbyhq.com/level,,US
levelset,,https://www.procore.com/jobs,,US
lever,lever,https://jobs.lever.co/lever,,US
lex,greenhouse,https://boards.greenhouse.io/lex,,US
licious,,,, 
lido,,,, 
lido-learning,,,, 
life360,greenhouse,https://boards.greenhouse.io/life360,,US
liftoff,greenhouse,https://boards.greenhouse.io/liftoff,,US
lighter-capital,rippling,https://lighter-capital.rippling-ats.com/,,US
lighthouse-labs,,,,Canada
lightico,,https://www.lightico.com/careers/,,
lightricks,greenhouse,https://boards.greenhouse.io/lightricks,,
lightspeed-commerce,ashby,https://jobs.ashbyhq.com/lightspeedhq,,Canada
lilium,greenhouse,https://lilium.com/careers,,Germany
limeade,,https://www.limeade.com/careers,,US
limelight,,,, 
lingoace,,,, 
linkedin,greenhouse,https://boards.greenhouse.io/linkedin,,US
linkfire,greenhouse,https://www.linkfire.com/careers,,Denmark
linksquares,greenhouse,https://linksquares.com/careers/,,US
linktree,gem,https://linktr.ee/s/about/careers,,AU
liongard,rippling,https://www.liongard.com/work-at-liongard/,,US
liv-up,,,, 
liveperson,greenhouse,https://boards.greenhouse.io/liveperson,,US
liveramp,,,, 
livetiles,,,, 
livevox,,,, 
livspace,,,, 
localize,,,, 
loco,,,, 
locomation,,,, 
loft,ashby,https://jobs.ashbyhq.com/loft,,
loftium,,,, 
loftsmart,,,, 
log-9-materials,,,, 
loggi,,,, 
logically,lever,https://jobs.lever.co/logically,,UK
logitech,,,, 
loja-integrada,,,, 
lola,,,, 
longi,,,, 
loom,ashby,https://jobs.ashbyhq.com/loom,,US
loopme,,,, 
lora-dicarlo,,,, 
lordstown-motors,,,, 
lsports,,,, 
lucid-diagnostics,,,, 
lucid-motors,greenhouse,https://boards.greenhouse.io/lucidmotors,,US
lucid-software,greenhouse,https://boards.greenhouse.io/lucidsoftware,,US
lucira-health,,,, 
ludeo,,,, 
ludia,,,,Canada
lululemon-studio,,,,Canada
lumenad,,,, 
lumina-networks,,,, 
luminar,,,, 
lummo,,,, 
lunchbox,,,, 
lunchtime,,,, 
luno,greenhouse,https://boards.greenhouse.io/luno,,UK
lunya,,,, 
lusha,,,, 
luxury-presence,lever,https://jobs.lever.co/luxurypresence,,US
lyra-health,lever,https://jobs.lever.co/lyrahealth,,US
lyric,ashby,https://jobs.ashbyhq.com/lyric,,US
lyst,workable,https://www.lyst.com/careers/,,UK
lytics,,https://www.lytics.com/company/careers/,,US
m1,,,, 
made-renovation,,,, 
made-com,,,, 
madefire,,,, 
madeiramadeira,,,, 
magic-eden,ashby,https://jobs.ashbyhq.com/magiceden,,US
magic-leap,greenhouse,https://www.magicleap.careers/careers,,US
magicbricks,,,, 
magnite,,,, 
mainstreet,,,, 
mainvest,,,, 
make-school,,,, 
makemytrip,,,, 
makerbot,,,, 
malwarebytes,,,, 
mamaearth,,,, 
manhattan-associates,,,, 
manomano,,,, 
mapbox,ashby,https://jobs.ashbyhq.com/mapbox,,US
mapify,,,, 
mara,,,, 
mariadb,,,, 
marin-software,,,, 
mark43,greenhouse,https://boards.greenhouse.io/mark43,,US
marketsource,,,, 
markforged,greenhouse,https://boards.greenhouse.io/markforged,,US
marqeta,greenhouse,https://boards.greenhouse.io/marqeta,,US
marvell,,,, 
masse,,,, 
masterclass,greenhouse,https://www.masterclass.com/careers,,US
match-group,lever,https://jobs.lever.co/matchgroup,,US
matrixport,,,, 
matter-labs,ashby,https://jobs.ashbyhq.com/matter-labs,,Germany
matterport,,,, 
maven,ashby,https://jobs.ashbyhq.com/maven,,US
maven-clinic,greenhouse,https://boards.greenhouse.io/mavenclinic,,US
mavenir,,,, 
maxmilhas,,,, 
may-mobility,greenhouse,https://boards.greenhouse.io/maymobility,,US
mcmakler,,,, 
me-poupe,,,, 
meati,,,, 
meati-foods,,,, 
medallia,,https://www.medallia.com/careers/,,US
mediafly,lever,https://www.mediafly.com/careers/,,US
mediamath,,,, 
medibuddy,,,, 
medium,greenhouse,https://job-boards.greenhouse.io/medium,,US
medly,,,, 
medsaf,,,, 
medtronic,,https://www.medtronic.com/us-en/about/careers.html,,IE
meero,,,, 
meesho,lever,https://www.meesho.io/jobs,,IN
meetup,,,, 
megaport,lever,https://www.megaport.com/company/careers/,,AU
melio,greenhouse,https://www.lifeatmelio.com/,,US
memmo,,,, 
mensa-brands,,,, 
menulog,,,, 
meow-wolf,,,, 
merama,,,, 
merative,,,, 
mercadolibre,,https://careers-meli.mercadolibre.com/es,,UY
mercari-u-s,greenhouse,https://careers.mercari.com/,,
mercos,,,, 
meridianlink,,,, 
messagebird,,,, 
messari,greenhouse,https://messari.io/careers,,US
meta,,,, 
metaplex,,,, 
metigy,,,, 
metro-africa-xpress,workable,https://www.maxdrive.ai/careers,,
metromile,,,, 
mews,,https://www.mews.com/en/careers,,NL
mfine,,,, 
micron,,https://careers.micron.com/careers,,US
microvision,lever,https://microvision.com/about/careers,,US
migo,,,, 
milkbasket,,,, 
milkrun,,,, 
mindbody,greenhouse,https://www.playlist.com/careers,,US
mindgeek,,,, 
mindstrong,,,, 
minted,lever,https://jobs.lever.co/minted,,US
minute-media,,,, 
miq,greenhouse,https://www.wearemiq.com/careers,,UK
miro,,https://miro.com/careers/,,US
misfits-market,greenhouse,https://www.misfitsmarket.com/careers,,US
missfresh,,,, 
mister-spex,,,, 
mixtroz,,,, 
mobile-premier-league,,,, 
mobileye,,https://careers.mobileye.com/,,IL
mobius-motors,greenhouse,https://mobiusmotors.com/pages/careers,,
mode-analytics,,,, 
mode-global,,,, 
modern-hydrogen,,,, 
modern-treasury,ashby,https://jobs.ashbyhq.com/modern-treasury,,US
modsy,,,, 
moglix,,,, 
mogo,,,, 
mojo,,,, 
mojo-vision,,,, 
mojocare,,,, 
moladin,,,, 
mollie,ashby,https://jobs.ashbyhq.com/mollie,,NL
momentis-surgical,,,, 
monarch-tractor,rippling,https://ats.rippling.com/monarch/jobs,,US
monday-com,,https://monday.com/careers,,IL
monese,,,, 
monte-carlo,ashby,https://montecarlo.ai/careers-at-monte-carlo/,,US
monzo,greenhouse,https://monzo.com/careers,,UK
moon-active,ashby,https://www.moonactive.com/careers/,,
moonpay,greenhouse,https://job-boards.greenhouse.io/moonpay,,US
moore-threads,,,, 
moov,rippling,https://ats.rippling.com/moov/jobs,,US
moove,,,, 
moovel,,,, 
moovit,,,, 
morning-brew,lever,https://www.morningbrew.com/daily/careers,,US
morning-consult,ashby,https://morningconsult.com/careers,,US
moss,,https://www.getmoss.com/careers,,DE
motif-foodworks,,,, 
motif-investing,,,, 
motional,greenhouse,https://motional.com/careers,,US
motive,ashby,https://jobs.ashbyhq.com/motive,,US
movement-labs,workable,https://apply.workable.com/movement-labs/,,US
movidesk,,https://zenvia.com/jobs/,,BR
moxion-power,,,, 
moxiworks,,,, 
mozilla-foundation,greenhouse,https://www.mozilla.org/en-US/about/careers/,,US
mpharma,,,, 
mpl,,,, 
mr-yum,,https://www.mryum.com/careers,,AU
mri-software,,https://www.mrisoftware.com/about/careers/,,US
mudafy,,https://mudafy.com.ar/careers,,Argentina
multiverse,ashby,https://www.multiverse.io/careers/were-hiring,,United Kingdom
muni-tienda,,,, 
mural,ashby,https://www.mural.co/careers,,United States
muvin,,,, 
mvpindex,,,, 
mx,,https://www.mx.com/company/careers/,,United States
mybambu,,,, 
mygate,,https://mygate.com/careers/,,India
myheritage,greenhouse,https://careers.myheritage.com/,,Israel
myntra,,https://www.myntra.com/careers,,India
mythical-games,greenhouse,https://boards.greenhouse.io/mythicalgames,,United States
n-able-technologies,,https://www.n-able.com/company/careers,,United States
n26,greenhouse,https://boards.greenhouse.io/n26,,Germany
namely,smartrecruiters,https://careers.smartrecruiters.com/Namely,,US
namogoo,,,, 
nanolock,,,, 
nanostring,,https://nanostring.com/company/careers/,,United States
nanostring-technologies,,https://nanostring.com/company/careers/,,United States
nansen,ashby,https://jobs.ashbyhq.com/nansen,,Singapore
nate,,,, 
natera,greenhouse,https://www.natera.com/company/careers/,,United States
national-instruments,,https://www.ni.com/en/careers.html,,United States
nativo,lever,https://jobs.lever.co/nativo,,United States
nav,greenhouse,https://boards.greenhouse.io/nav,,United States
navan,greenhouse,https://boards.greenhouse.io/tripactions,,United States
navi,ashby,https://navi.com/careers,,India
navi-technologies,ashby,https://navi.com/careers,,India
nayax,,https://www.nayax.com/careers/,,Israel
ncc-group,,https://www.nccgroup.com/us/careers/,,United Kingdom
ncino,,https://www.ncino.com/company/careers/,,United States
ncsoft,,https://about.ncsoft.com/en/careers/list.do,,South Korea
ncx,,https://ncx.com/careers/,,United States
nearmap,greenhouse,https://boards.greenhouse.io/nearmap,,Australia
neoleukin-therapeutics,,,, 
neon,ashby,https://jobs.ashbyhq.com/neon,,United States
nerdwallet,ashby,https://www.nerdwallet.com/careers,,United States
nerdy,greenhouse,https://www.nerdy.com/careers,,United States
nestcoin,,https://nestcoin.com/careers,,Nigeria
netapp,,https://www.netapp.com/company/careers/,,United States
netease,greenhouse,https://careers.163.com/,,China
netlify,greenhouse,https://boards.greenhouse.io/netlify,,United States
neuropixel-ai,,,, 
nevro,,https://www.nevro.com/English/careers/default.aspx,,United States
new-relic,greenhouse,https://newrelic.com/about/careers,,United States
new-work-se,,https://www.new-work.se/en/career/,,Sweden
newfront-insurance,greenhouse,https://boards.greenhouse.io/newfront,,United States
nexar,greenhouse,https://boards.greenhouse.io/nexar,,Israel
next-insurance,greenhouse,https://www.nextinsurance.com/about/careers/,,United States
nextbite,,,, 
nextgen-healthcare,,https://www.nextgen.com/company/careers,,United States
nextiva,greenhouse,https://www.nextiva.com/careers,,United States
nextroll,greenhouse,https://boards.greenhouse.io/nextroll,,United States
niantic,greenhouse,https://nianticlabs.com/careers,,United States
niche,,https://www.niche.com/about/careers/,,United States
nikola,,https://nikolamotor.com/careers,,United States
ninja-van,lever,https://www.ninjavan.co/en-sg/careers,,Singapore
ninjacart,,https://ninjacart.com/careers/,,India
nio,,https://www.nio.com/careers,,China
nirvana-money,,,, 
no-fluff-jobs,,https://nofluffjobs.com/log/work-with-us,,Poland
noa-technologies,,,, 
noice,,,, 
nomad,greenhouse,https://boards.greenhouse.io/nomadhealth,,United States
nomad-health,greenhouse,https://boards.greenhouse.io/nomadhealth,,United States
noogata,,,, 
noom,greenhouse,https://www.noom.com/careers/,,United States
noon,gem,https://www.noon.com/careers/en/,,United Arab Emirates
nori,,https://nori.com/careers,,United States
northvolt,,https://northvolt.com/career/,,Sweden
notable-labs,ashby,https://notablelabs.com/careers/,,United States
notarize,greenhouse,https://boards.greenhouse.io/notarize,,United States
nothing,greenhouse,https://nothing.tech/pages/careers,,United Kingdom
nova-benefits,,https://www.novabenefits.com/careers,,India
nowadays,,,, 
ns8,,,, 
nso,,https://www.nso.group/careers/,,Israel
nuance-communications,,https://www.nuance.com/about-us/careers.html,,United States
nubank,greenhouse,https://boards.greenhouse.io/nubank,,Brazil
numbrs,,,, 
nuodb,,https://www.nuodb.com/company/careers/,,United States
nuri,,,, 
nuro,greenhouse,https://boards.greenhouse.io/nuro,,United States
nuscale-power,,https://www.nuscalepower.com/en/careers,,United States
nutanix,,https://www.nutanix.com/company/careers,,United States
nydig,,https://nydig.com/careers,,United States
nyriad,,https://www.nyriad.com/company/careers/,,New Zealand
o-reilly-media,greenhouse,https://boards.greenhouse.io/oreillymedia,,United States
oatly,,https://www.oatly.com/en-us/careers,,Sweden
observe-ai,greenhouse,https://boards.greenhouse.io/observeai,,United States
ocado,,https://www.ocadogroup.com/careers,,United Kingdom
ocavu,,,, 
octopus-network,,,, 
oda,,https://oda.com/global/careers,,Norway
oddle,,https://oddle.me/en_SG/careers,,Singapore
offerpad,,https://careers.offerpad.com/,,United States
offerup,greenhouse,https://boards.greenhouse.io/offerup,,United States
offor-health,,https://www.offorhealth.com/careers,,United States
oh-my-green,,,, 
ohm-mobility,,,, 
okcredit,,https://okcredit.in/careers,,India
okra,,https://okra.ng/careers,,Nigeria
okta,greenhouse,https://www.okta.com/company/careers/,,United States
ola,,https://www.olacabs.com/careers,,India
ola-electric,,https://www.olaelectric.com,,India
olist,,https://carreira.inhire.com.br/carreiras-olist/,,Brazil
olive,,,, 
olive-ai,lever,https://www.waystar.com/,,United States
olo,lever,https://www.olo.com/company/careers,,United States
olx-group,lever,https://careers.olxgroup.com/,,Netherlands
olx-india,lever,https://careers.olxgroup.com/,,India
omie,workable,https://www.omie.com.br/careiras/,,Brazil
omnipresent,,,, 
omuni,,,, 
on,greenhouse,https://culture.on.com/,,Switzerland
on-deck,,,, 
ondeck,ashby,https://joinodf.com/,,United States
one-identity,,https://www.oneidentity.com/careers/,,United States
onefootball,,https://company.onefootball.com/careers/,,Germany
onepipe,workable,https://apply.workable.com/onepipe,,Nigeria
onestudyteam,greenhouse,https://www.onestudyteam.com/careers,,United States
onetrust,greenhouse,https://www.onetrust.com/company/careers/,,United States
oneweb,,,, 
onfido,,https://www.entrust.com/careers/,,United Kingdom
onlyfans,,,, 
op-labs,ashby,https://optimism.io/careers,,United States
opal,ashby,https://www.opal.dev/careers,,United States
opay,,,, 
open-co,,,, 
openclassrooms,,https://openclassrooms.com/en/careers,,France
opendoor,gem,https://www.opendoor.com/careers/open-positions,,United States
openpay,,,, 
openspace,greenhouse,https://www.openspace.ai/careers/,,United States
openweb,greenhouse,https://www.openweb.com/careers/,,United States
openx,lever,https://www.openx.com/company/careers/,,United States
opora,,,, 
oportun,greenhouse,https://oportun.com/about/careers/,,United States
optimove,greenhouse,https://www.optimove.com/company/careers,,Israel
oracle,,,, 
orbit,,,, 
orbotech,,,, 
orca-security,lever,https://orca.security/company/careers/,,Israel
orcam,recruitee,https://www.orcam.com/en/careers,,Israel
orchard,greenhouse,https://orchard.com/careers,,United States
oriente,,,, 
oscar-health,,https://www.hioscar.com/careers,,United States
oslash,,,,India
osso-vr,rippling,https://www.ossovr.com/careers,,United States
otipy,,,, 
otonomo,,,, 
otorio,,,, 
otovo,recruitee,https://careers.otovo.com,,Norway
our-next-energy,,,, 
ouster,,,, 
outboundengine,,,, 
outbrain,,,, 
outdoorsy,,,, 
outreach,lever,https://www.outreach.ai/company/working-at-outreach,,United States
outside,greenhouse,https://www.outsideinc.com/careers/,,United States
outsystems,,https://www.outsystems.com/careers,,Portugal
overtime,,,, 
owlet,workable,https://owletcare.com/pages/careers,,United States
own,,,, 
ownbackup,,,, 
oye-rickshaw,,,, 
oyo,,,, 
ozy-media,,,, 
pacaso,greenhouse,https://www.pacaso.com/careers,,United States
packable,,,, 
packetfabric,,,, 
pact-pharma,,,, 
paddle,ashby,https://www.paddle.com/careers,,United Kingdom
pagarbook,,,, 
pagaya,greenhouse,https://pagaya.com/careers,,Israel
pagbank,,,, 
pagerduty,greenhouse,https://careers.pagerduty.com/,,United States
pagseguro,,,, 
paisabazaar,,,, 
palmetto-clean-technology,greenhouse,https://palmetto.com/careers,,United States
pana,workable,https://www.pana.com/careers,,United States
panda-squad,,,, 
pandion,,,, 
panther,greenhouse,https://panther.com/careers,,United States
papaya-gaming,,,, 
paper,rippling,https://paper.co/careers,,Canada
paperless-parts,greenhouse,https://www.paperlessparts.com/careers,,United States
parallel-wireless,lever,https://www.parallelwireless.com/careers/,,United States
pared,,,, 
parity-technologies,,,, 
parker,ashby,https://jobs.ashbyhq.com/parker,,India
parler,,,, 
parsable,,,, 
partnerstack,greenhouse,https://www.partnerstack.com/careers,,Canada
passport,ashby,https://www.passportinc.com/company/careers/,,United States
pastel,,,, 
pathai,lever,https://www.pathai.com/careers,,United States
patientpop,,,, 
patreon,lever,https://www.patreon.com/careers,,United States
paulcamper,,,, 
pavilion-data,,,, 
pax8,,,, 
paxos,ashby,https://www.paxos.com/careers,,United States
paycom,,,, 
payfactors,,,, 
payfit,,,, 
payjoy,lever,https://new-live-upstream.payjoy.com/careers,,United States
payoneer,,https://careers.payoneer.com/,,US
paypal,,https://careers.pypl.com/,,US
payscale,ashby,https://www.payscale.com/careers,,US
paysense,,,, 
paystack,,https://paystack.com/careers,,NG
paytm,lever,https://paytm.com/careers/,,IN
payu,,https://corporate.payu.com/careers/,,NL
pear-therapeutics,,https://pear-therapeutics.com/careers,,US
pebble,,,, 
pebblepost,,https://pebblepost.com/careers,,US
pecan-ai,,,, 
peek,ashby,https://careers.peek.com/,,US
peerfit,,https://www.fitonhealth.com/careers,,US
peerspace,lever,https://www.peerspace.com/careers,,United States
peerstreet,greenhouse,https://www.peerstreet.com/careers,,United States
pegasystems,,https://www.pega.com/about/careers,,US
peloton,,https://careers.onepeloton.com/,,US
pendo,greenhouse,https://www.pendo.io/careers/,,United States
pentera,,,, 
peoplegrove,,https://www.peoplegrove.com/about/careers/,,US
pepper-pay,,,, 
perceptive-automata,,,, 
perfect-day,,,, 
perimeter-81,,,, 
perion,greenhouse,https://perion.com/careers/,,Israel
perkbox,,https://perkboxvivup.teamtailor.com/,,GB
perkspot,,https://www.perkspot.com/careers/,,US
personalis,greenhouse,https://www.personalis.com/careers/,,United States
personetics,,https://personetics.com/careers/,,IL
personio,,https://www.personio.com/about-us/careers/,,Germany
perx-health,,,, 
pesto,,,, 
petal,,,, 
petlove,,https://www.petlove.com/careers/,,BR
phablecare,,,, 
phantom-auto,,https://www.phantom-auto.com/careers,,US
pharmeasy,,https://pharmeasy.in/careers/,,IN
philips,,https://www.careers.philips.com/ca/fr,,NL
phunware,,https://www.phunware.com/careers,,US
physics-wallah,,https://physics-wallah.com/careers,,IN
pickyourtrail,,https://pickyourtrail.com/careers,,IN
picnic,,https://picnic.com/careers,,NL
pico-interactive,,https://www.picoxr.com/global/careers,,CN
picobrew,,,, 
picsart,,https://picsart.com/careers/,,US
pie-insurance,greenhouse,https://www.pieinsurance.com/careers,,United States
pier,,,, 
pilot,,https://pilot.com/careers,,US
ping-identity,,,, 
pinterest,,https://www.pinterestcareers.com/,,US
pipe,,https://pipe.com/careers,,US
pipedrive,,https://www.pipedrive.com/en/jobs,,US
pipl,,https://pipl.com/careers,,US
pitch,workable,https://pitch.com/careers,,Germany
pivo,,,, 
pivot3,,,, 
pix,,,, 
placer-ai,greenhouse,https://www.placer.ai/careers,,United States
plaid,,https://plaid.com/careers/,,US
planet,,https://www.planet.com/company/careers/,,US
planetly,,,, 
plato,,,, 
plaxidityx,,,, 
playdots,,https://playdots.com/careers,,US
playtika,,https://www.playtika.com/careers/,,IL
pleo,ashby,https://www.pleo.io/en/careers,,Denmark
plerk,,,, 
plex,,,, 
pliops,,,, 
plum,,,, 
plume,,https://www.plume.com/careers,,US
pluralsight,,https://www.pluralsight.com/careers,,US
plus-one-robotics,,,, 
pocket-aces,,https://www.pocket-aces.com/careers,,IN
pocket-fm,,,, 
pocketmath,,https://pocketmath.com/careers,,SG
point,,https://point.com/careers,,US
pokerstars,,https://www.pokerstars.com/careers,,IM
polarr,lever,https://www.polarr.com/careers/,,United States
policygenius,,https://www.policygenius.com/careers/,,US
politico-protocol,,,, 
pollen,,https://www.pollen.com/careers,,GB
polygon,,,, 
pomelo-fashion,,,, 
poparazzi,,,, 
popcore,,,, 
popin,,https://popin.com/careers,,US
poppulo,,https://www.poppulo.com/careers,,IE
poshmark,greenhouse,https://poshmark.com/careers,,United States
postmates,,https://postmates.com/careers,,US
powerreviews,,https://www.powerreviews.com/company/careers/,,US
powerschool,,https://www.powerschool.com/company/careers/,,US
practically,,,, 
practo,,https://practo.app.param.ai/jobs/,,IN
prefect,,https://www.prefect.io/company/careers,,US
prepladder,,https://www.prepladder.com/careers,,IN
preply,,https://preply.com/en/careers,,US
presto,,https://presto.com/careers/,,US
priceline,,https://careers.priceline.com/,,US
prime-trust,,,, 
primer,ashby,https://jobs.ashbyhq.com/primer,,US
prisma,greenhouse,https://job-boards.greenhouse.io/prisma,,Germany
pristyn-care,,,, 
privitar,,,, 
procore,,,, 
product-hunt,ashby,https://jobs.ashbyhq.com/producthunt,,US
productboard,gem,https://jobs.gem.com/productboard,,US
progrexion,,,, 
project-ronin,,,, 
project44,greenhouse,https://job-boards.greenhouse.io/project44,,US
propertyguru,,,, 
propzy,,,, 
prosus,lever,https://jobs.eu.lever.co/prosus,,Netherlands
protego-trust-bank,,,, 
proterra,,,, 
protocol-labs,,,, 
proton-ai,greenhouse,https://job-boards.greenhouse.io/protonai,,US
protonn,,,, 
provi,lever,https://www.provi.com/careers,,United States
providoor,,,, 
pubmatic,greenhouse,https://pubmatic.com/company/careers/,,United States
pudutech,,,, 
pulse-secure,,,, 
puppet,lever,https://www.perforce.com/careers,,United States
pure-storage,greenhouse,https://www.everpuredata.com/company/careers.html,,United States
purse,,,, 
q4,,,, 
qin1,,,, 
qoala,,,, 
qomplx,,,, 
qt-company,greenhouse,https://www.qt.io/careers/open-positions,,Finland
quadream,,,, 
qualcomm,,,, 
qualtrics,greenhouse,https://www.qualtrics.com/careers/us/en,,United States
quandoo,,,, 
quanergy-systems,,,, 
quantcast,lever,https://www.quantcast.com/careers/,,United States
quanterix,,,, 
quanto,,,, 
quantum-si,,,, 
quartz,recruitee,https://qz.com/work-with-us,,United States
quibi,,,, 
quicko,smartrecruiters,https://quicko.com/careers,,India
quidax,,,, 
quillt,,,, 
quintoandar,greenhouse,https://job-boards.greenhouse.io/quintoandar,,Brazil
quizac,,,, 
quizlet,,,, 
quizy,,,, 
qumulo,ashby,https://qumulo.com/company/careers,,United States
quora,ashby,https://www.quora.com/careers,,United States
qwick,,,, 
qyuki,,,, 
r3,,,, 
rackspace,lever,https://rackspace.wd1.myworkdayjobs.com/External,,United States
rad-power-bikes,,,, 
rain,ashby,https://www.rainapp.com/careers,,United States
rainfocus,lever,https://www.rainfocus.com/careers/,,United States
raken,,,, 
ranger-insurance,,,, 
rangle,,,, 
rapid,,,, 
rapid7,,,, 
rapyd,,,, 
rasa,ashby,https://rasa.com/careers,,Germany
rategenius,,,, 
rdx-works,,,, 
ready-robotics,,,, 
reali,,,, 
realpage,,,, 
realpha,greenhouse,https://www.realpha.com/careers,,United States
realself,lever,https://www.realself.com/info/careers,,United States
realtor-com,gem,https://careers.realtor.com/,,United States
rebel-foods,smartrecruiters,https://www.rebelfoods.com/careers,,India
rebellion-defense,greenhouse,https://rebelliondefense.com/careers,,United States
rec-room,ashby,https://jobs.ashbyhq.com/Rec%20Room,,United States
recast,greenhouse,https://www.recastsoftware.com/careers/,,United States
received,,,, 
recharge,ashby,https://rechargepayments.com/careers/,,United States
recur,,,, 
recur-forever,,,, 
red-hat,,,, 
redbox,,,, 
redbubble,smartrecruiters,https://www.redbubble.com/about/careers,,Australia
reddoorz,,,, 
redesign-health,ashby,https://jobs.ashbyhq.com/Redesign%20Health,,United States
redfin,,,, 
redis,lever,https://redis.io/company/careers/,,United States
redox,,,, 
ree-automotive,,,, 
reef,,,, 
refinery29,,,, 
reforge,rippling,https://miro.com/careers/open-positions/?keyword=reforge,,United States
refurbed,greenhouse,https://www.refurbed.de/?redirect-from=www.refurbed.com,,Austria
regrow-ag,,,, 
relativity,greenhouse,https://www.relativity.com/company/careers/,,United States
relevel,,,, 
reliance-jiomart,,,, 
religion-of-sports,,,, 
remarkable,,,, 
remedy,greenhouse,https://job-boards.greenhouse.io/remedy,,
remesh,greenhouse,https://job-boards.greenhouse.io/remesh,,US
remote-year,,,, 
renmoney,,,, 
renorun,,,, 
rent-the-runway,greenhouse,https://job-boards.greenhouse.io/renttherunway,,US
repertoire-immune-medicines,,,, 
replicated,ashby,https://jobs.ashbyhq.com/replicated,,US
researchgate,lever,https://jobs.lever.co/researchgate,,Germany
reserve,ashby,https://jobs.ashbyhq.com/reserve,,US
reshamandi,,,, 
restaurant365,lever,https://jobs.lever.co/restaurant365,,US
retention-com,,,, 
retool,gem,https://jobs.gem.com/retool,,US
retrain-ai,,,, 
rev-com,ashby,https://jobs.ashbyhq.com/rev,,US
revel,greenhouse,https://gorevel.com/careers,,US
revelate,,,, 
reverb,smartrecruiters,https://careers.smartrecruiters.com/Reverb,,US
revolut,,,, 
rewire,recruitee,https://rewire.recruitee.com/,,
reynen-court,,,, 
rhino,,,, 
rhumbix,,,, 
ribbon,ashby,https://jobs.ashbyhq.com/ribbon-ai,,US
ridecell,,,, 
rigetti-computing,lever,https://jobs.lever.co/rigetti,,US
rigup,greenhouse,https://job-boards.greenhouse.io/rigup,,US
ringcentral,smartrecruiters,https://careers.smartrecruiters.com/Ringcentral,,US
riot-games,greenhouse,https://job-boards.greenhouse.io/riotgames,,US
ripl,,,, 
riseup,smartrecruiters,https://careers.smartrecruiters.com/Riseup,,
riskified,greenhouse,https://job-boards.greenhouse.io/riskified,,
rivian,,,, 
rivos,,,, 
robin-ai,ashby,https://jobs.ashbyhq.com/robin-ai,,UK
roblox-china,,,, 
rock-content,,,, 
rocket-companies,,,, 
roku,greenhouse,https://job-boards.greenhouse.io/roku,,US
roof-stacks,,,, 
roofstock,greenhouse,https://job-boards.greenhouse.io/roofstock,,US
root-insurance,rippling,https://ats.rippling.com/joinroot/jobs,,US
route,greenhouse,https://job-boards.greenhouse.io/route,,US
rover,lever,https://jobs.lever.co/rover,,US
rows,,,, 
ruangguru,smartrecruiters,https://careers.smartrecruiters.com/Ruangguru,,
rubica,,,, 
rubicon-project,smartrecruiters,https://careers.smartrecruiters.com/RubiconProject,,US
rubicon-technologies,,,, 
rubius,,,, 
rubrik,greenhouse,https://job-boards.greenhouse.io/rubrik,,US
running-tide,,,, 
runtastic,,https://www.adidas-group.com/en/careers/,,Austria
rupeek,,https://rupeek.com/website/careers,,India
saarthi-ai,,,,India
sabi,ashby,https://jobs.ashbyhq.com/sabi,,
sabre,smartrecruiters,https://careers.smartrecruiters.com/Sabre,,US
sada,greenhouse,https://job-boards.greenhouse.io/sada,,US
sadapay,greenhouse,https://sadapay.pk/careers,,
safegraph,,https://www.safegraph.com/careers/,,United States
sage-therapeutics,,https://www.supernus.com,,United States
sage-therapeutics-copy,,https://www.supernus.com,,United States
saks-com,smartrecruiters,https://careers.smartrecruiters.com/Saks,,US
sales-boomerang,,,,United States
salesforce,,https://www.salesforce.com/company/careers/,,United States
salesloft,greenhouse,https://job-boards.greenhouse.io/salesloft,,US
salsify,greenhouse,https://job-boards.greenhouse.io/salsify,,US
salto,,https://www.salto.io/careers,,Israel
sama,greenhouse,https://boards.greenhouse.io/samainc,,US
sambanova,,https://sambanova.ai/company/careers,,United States
sami,,,,Brazil
sampler,,,,Canada
samsara,greenhouse,https://job-boards.greenhouse.io/samsara,,US
samsung,,https://sec.wd3.myworkdayjobs.com/Samsung_Careers,,South Korea
sana,ashby,https://jobs.ashbyhq.com/sana-roles,,Sweden
sana-benefits,lever,https://jobs.lever.co/sanabenefits,,US
sanar,,https://sanarmed.gupy.io/,,Brazil
sandbox-vr,lever,https://jobs.lever.co/sandboxvr,,US
sandvine,,https://www.applogicnetworks.com/company/careers,,Canada
sap,smartrecruiters,https://careers.smartrecruiters.com/Sap,,Germany
sap-labs,smartrecruiters,https://careers.smartrecruiters.com/SapLabs,,Germany
sapiens,,https://sapiens.com/careers/,,Israel
sarcos,,https://sarcos.com/about/careers/,,United States
sas,greenhouse,https://job-boards.greenhouse.io/sas,,US
satellogic,,https://satellogic.com/company/careers/,,Argentina
sauce-labs,greenhouse,https://job-boards.greenhouse.io/saucelabs,,US
sayurbox,smartrecruiters,https://careers.smartrecruiters.com/Sayurbox,,
scale-ai,greenhouse,https://job-boards.greenhouse.io/scaleai,,US
scalefactor,,,,United States
scalefocus,,https://www.scalefocus.com/careers,,Bulgaria
scaler,ashby,https://jobs.ashbyhq.com/scaler,,
schoolmint,greenhouse,https://job-boards.greenhouse.io/schoolmint,,US
science-37,greenhouse,https://job-boards.greenhouse.io/science37,,US
scifi-foods,,https://www.scififoods.com/careers,,United States
scoop,,https://www.takescoop.com/careers,,United States
scope3,rippling,https://ats.rippling.com/scope3pbc/jobs,,US
scoro,,https://www.scoro.com,,Estonia
scribe-media,,https://scribemedia.com/careers,,United States
sea,smartrecruiters,https://careers.smartrecruiters.com/Sea,,
seagate,,https://www.seagate.com/ca/en/jobs/,,Ireland
seatgeek,greenhouse,https://seatgeek.com/jobs,,US
secfi,,https://secfi.com/careers/,,United States
section4,,https://www.sectionai.com/careers,,United States
secureworks,,,,United States
seedr,,https://www.seedr.com/careers/,,Israel
seegrid,,https://seegrid.com/careers/,,United States
seekout,greenhouse,https://www.seekout.com/company/careers/,,US
segment,greenhouse,https://jobs.twilio.com/careers,,United States
selina,,,,United Kingdom
sellerx,,https://sellerx.com/careers/,,Germany
sema4,,https://www.genedx.com/,,United States
send,,https://www.sendpayments.com/careers/,,Australia
sendcloud,,https://jobs.sendcloud.com/,,Netherlands
sendle,,https://www.sendle.com/careers,,Australia
sendoso,,,,United States
sendy,,,,Kenya
sensetime,,https://www.sensetime.com/en/join-us,,China
sensibill,,,,Canada
sensor-tower,ashby,https://sensortower.com/careers,,US
sentinelone,,https://www.sentinelone.com/jobs/,,United States
service,,,,United States
servicetitan,smartrecruiters,https://careers.smartrecruiters.com/ServiceTitan,,US
sezzle,greenhouse,https://sezzle.com/careers,,US
share-now,,,,Germany
sharechat,,https://sharechat.com/careers,,India
sharefile,,,,United States
sharesies,,https://www.sharesies.nz/careers,,New Zealand
sharethrough,,https://www.sharethrough.com/careers,,Canada
shef,,https://www.shef.com/careers,,United States
shein,,https://careers.shein.com/,,Singapore
shelf-engine,,,,United States
sherpa,ashby,https://www.joinsherpa.com/company/careers,,Canada
shift,ashby,https://www.shift.com.au/careers/,,
shine-technologies,,https://www.shinefusion.com/about/careers,,United States
shipbob,lever,https://www.shipbob.com/careers/,,United States
shippo,rippling,https://goshippo.com/jobs,,US
shipsi,,https://www.shipsi.com/careers/,,United States
shipt,,https://www.shipt.com/careers/,,United States
shop101,,https://www.shop101.com/careers,,India
shopback,,https://corporate.shopback.com/careers/,,Singapore
shopee,,https://careers.shopee.sg/,,Singapore
shopify,,https://www.shopify.com/careers,,Canada
shopx,,https://www.shopx.in/careers/,,India
showpad,,https://www.showpad.com/careers,,Belgium
shutterfly,,https://shutterflycareers.ttcportals.com/,,United States
shuttl,,,,India
side,,https://side.inc/careers/,,France
sidecar-health,greenhouse,https://job-boards.greenhouse.io/sidecarhealth/,,United States
sierra-space,,https://www.sierraspace.com/careers/,,United States
sifive,,https://www.sifive.com/careers,,United States
sift,,https://sift.com/careers/,,United States
sigfox,,,,France
sight-diagnostics,,,,Israel
sightful,,,,Israel
signicat,,,,Norway
silo,,https://www.silo.com/careers,,United States
silofit,,,,Canada
similarweb,greenhouse,https://www.similarweb.com/corp/careers/,,Israel
simon-data,,https://www.simon.ai/careers,,United States
simpl,,,,India
simple,,https://www.simplepractice.com/careers/,,United States
simple-feast,,,,Denmark
simplilearn,,https://www.simplilearn.com/careers,,India
sinch,,,,Sweden
singular,ashby,https://jobs.ashbyhq.com/singular,,
singular-genomics,greenhouse,https://www.singulargenomics.com/careers,,United States
singularity-6,,https://www.singularity6.com/careers/,,United States
sirclo,,,,Indonesia
sirionlabs,,https://www.sirion.ai/careers/,,United States
siriusxm,,,,United States
sirplus,,https://sirplus.de/pages/jobs,,Germany
sisense,,https://www.sisense.com/careers/,,United States
siteimprove,,,,Denmark
skai,,https://skai.io/company/careers/,,Israel
skedulo,,https://www.skedulo.com/careers/,,Australia
sketch,,https://www.sketch.com/careers/,,Netherlands
skillshare,workable,https://apply.workable.com/skillshare/,,United States
skillz,,https://www.skillz.com/careers/,,United States
skip-the-dishes,,https://www.skipthedishes.com/careers,,Canada
skipthedishes,,https://www.skipthedishes.com/careers,,Canada
skit-ai,,https://skit.ai/careers/,,India
skybox-security,,https://www.tufin.com/careers,,Israel
skykick,,,,United States
skyscanner,,https://www.skyscanner.net/jobs,,United Kingdom
skyslope,greenhouse,https://www.skyslope.com/careers/,,United States
slice-labs,lever,https://slice.is/careers,,United States
slickdeals,greenhouse,https://slickdeals.net/corp/careers.html,,US
slync,,,,United States
small-robot-company,,https://www.smallrobotcompany.com/careers,,United Kingdom
smallcase,,https://smallcase.freshteam.com/jobs,,India
smarsh,,https://www.smarsh.com/company/careers/,,United States
smartnews,workable,https://apply.workable.com/smartnews/,,
smartsheet,greenhouse,https://www.smartsheet.com/careers,,United States
smashing,,https://www.smashingmagazine.com/jobs/,,Germany
smava,,https://smava.jobs.personio.de/,,Germany
smiledirectclub,,,,United States
snagajob,,https://www.snagajob.com/about/careers,,United States
snap,greenhouse,https://careers.snap.com/jobs,,United States
snap-finance,,https://snapfinance.com/careers,,United States
snappy,ashby,https://jobs.ashbyhq.com/snappy,,US
snaptravel,greenhouse,https://job-boards.greenhouse.io/super,,Canada
snowplow,ashby,https://snowplow.io/careers/,,United Kingdom
socure,ashby,https://jobs.ashbyhq.com/socure,,US
sofi,greenhouse,https://www.sofi.com/careers/,,US
software-ag,,https://www.softwareag.com/en_corporate/company/careers.html,,Germany
sojern,greenhouse,https://www.sojern.com/careers,,US
solaredge,,https://www.solaredge.com/careers,,Israel
solarisbank,greenhouse,https://job-boards.greenhouse.io/solarisbank,,Germany
solidigm,smartrecruiters,https://careers.smartrecruiters.com/solidigm,,US
soluto,,https://www.soluto.com/jobs,,Israel
sonatype,lever,https://jobs.lever.co/sonatype,,US
sonder,workable,https://apply.workable.com/sonder,,US
sondermind,ashby,https://jobs.ashbyhq.com/sondermind,,US
sono-motors,,,,Germany
sonos,,https://www.sonos.com/en-us/company/careers,,United States
sony-interactive,greenhouse,https://www.playstation.com/en-us/corporate/playstation-careers/,,United States
sophos,,https://www.sophos.com/en-us/careers,,United Kingdom
sorabel,,,,Indonesia
sorare,ashby,https://jobs.ashbyhq.com/sorare,,France
sorbet,,https://www.sorbet.co/careers,,Israel
soundcloud,greenhouse,https://soundcloud.com/company/careers,,Germany
soundhound,gem,https://jobs.gem.com/soundhound,,US
soundwide,,,,Germany
sourcegraph,greenhouse,https://sourcegraph.com/jobs,,US
spaces,,https://www.spacesworks.com/careers/,,Netherlands
spaceship,,https://www.spaceship.com/careers/,,Australia
spartan-poker,,https://www.spartanpoker.com/careers,,India
spectrm,greenhouse,https://www.hello-charles.com/jobs/,,Germany
spendesk,ashby,https://jobs.ashbyhq.com/spendesk,,France
spin,greenhouse,https://job-boards.greenhouse.io/spin,,US
spinny,,https://spinny.com/careers/,,India
splice,greenhouse,https://job-boards.greenhouse.io/splice,,US
splyt,,https://www.splyt.com/careers,,United States
spora-health,,https://www.sporahealth.com/careers,,United States
sportradar,smartrecruiters,https://careers.smartrecruiters.com/sportradar,,Switzerland
spothero,greenhouse,https://spothero.com/careers,,US
spotify,lever,https://jobs.lever.co/spotify,,Sweden
spotter,greenhouse,https://job-boards.greenhouse.io/spotter,,US
spreetail,lever,https://jobs.lever.co/spreetail,,US
spring,,,,United States
springbig,,https://springbig.com/company/careers/,,United States
springlane,workable,https://apply.workable.com/springlane,,Germany
sprinklr,smartrecruiters,https://careers.smartrecruiters.com/sprinklr,,US
sprout-social,greenhouse,https://job-boards.greenhouse.io/sproutsocial,,US
sproutt,,https://www.sproutt.com/careers,,United States
spyce,,,,United States
sqream,,https://sqream.com/company/careers/,,Israel
squadvoice,,https://www.squadvoice.com/careers,,United States
square-roots,rippling,https://www.squarerootsgrow.com/careers,,US
sqz-biotech,,https://sqzbiotech.com/careers/,,United States
srtx,ashby,https://www.srtx.com/pages/careers,,Canada
ssense,,https://www.ssense.com/en-ca/careers,,Canada
stability-ai,greenhouse,https://job-boards.greenhouse.io/stabilityai,,UK
stack-overflow,greenhouse,https://stackoverflow.co/company/work-here,,United States
stackpath,,,,United States
staffbase,greenhouse,https://job-boards.greenhouse.io/staffbase,,Germany
starburst,greenhouse,https://job-boards.greenhouse.io/starburst,,US
starkware,greenhouse,https://starkware.co/careers/,,Israel
starry,,https://starry.com/careers,,United States
starship,,https://www.starship.xyz/careers/,,United States
starship-technologies,,https://www.starship.xyz/careers/,,Estonia
stash,ashby,https://jobs.ashbyhq.com/stash,,US
stash-financial,ashby,https://jobs.ashbyhq.com/stash,,US
stashaway,workable,https://www.stashaway.sg/careers,,Singapore
stax,lever,https://jobs.lever.co/stax,,US
stay-alfred,,,,United States
stedi,ashby,https://jobs.ashbyhq.com/stedi,,US
stellar-pizza,,,,United States
stellaralgo,,https://stellaralgo.com/careers/,,Canada
stem,smartrecruiters,https://careers.smartrecruiters.com/stem,,US
stepstone,greenhouse,https://job-boards.greenhouse.io/stepstone,,Germany
stint,,https://stint.co/careers,,United Kingdom
stitch-fix,greenhouse,https://job-boards.greenhouse.io/stitchfix,,US
stoa,,https://www.stoa.vc/careers,,India
stockwell-ai,,,,United States
stockx,greenhouse,https://job-boards.greenhouse.io/stockx,,US
stone,,https://www.stone.co/carreiras,,Brazil
stoqo,,https://stoqo.com/careers,,Netherlands
stord,greenhouse,https://www.stord.com/careers/,,United States
storedot,,https://www.store-dot.com/careers/,,Israel
storyblocks,greenhouse,https://job-boards.greenhouse.io/storyblocks,,US
storytel,,https://www.storytel.com/careers,,Sweden
strake,,,,United States
strava,ashby,https://jobs.ashbyhq.com/strava,,US
streamelements,,https://www.streamelements.com/careers,,United States
streamsets,greenhouse,https://streamsets.com/company/careers/,,United States
streetbees,,https://www.streetbees.com/careers/,,United Kingdom
strongdm,ashby,https://jobs.ashbyhq.com/strongdm,,US
stubhub,greenhouse,https://job-boards.greenhouse.io/stubhubinc,,US
studio,,,, 
studysmarter,,https://www.studysmarter.de/en/career/,,Germany
styleseat,smartrecruiters,https://careers.smartrecruiters.com/styleseat,,US
stytch,ashby,https://jobs.ashbyhq.com/stytch,,US
subspace,ashby,https://jobs.ashbyhq.com/subspace,,US
subtl-ai,,,,United States
summerbio,,,,United States
sumo-logic,greenhouse,https://job-boards.greenhouse.io/sumologic,,US
sumup,greenhouse,https://job-boards.greenhouse.io/sumup,,UK
sundae,lever,https://sundae.com/careers,,United States
sunday,ashby,https://jobs.ashbyhq.com/sunday,,
sundaysky,smartrecruiters,https://careers.smartrecruiters.com/sundaysky,,US
sunfolding,,https://www.sunfolding.com/careers,,United States
superhuman,ashby,https://jobs.ashbyhq.com/superhuman,,US
superlearn,,,,United States
superloop,smartrecruiters,https://careers.smartrecruiters.com/superloop,,
supernal,greenhouse,https://job-boards.greenhouse.io/supernal,,US
superops,,https://superops.com/careers,,India
superpedestrian,lever,https://jobs.lever.co/superpedestrian,,US
superrare,,https://superrare.com/careers,,United States
sure,lever,https://jobs.lever.co/sure,,US
surveymonkey,ashby,https://jobs.ashbyhq.com/surveymonkey,,US
swappie,,https://careers.swappie.com/,,Finland
sweetescape,,https://www.sweetescape.com/en/careers,,Indonesia
sweetgreen,greenhouse,https://job-boards.greenhouse.io/sweetgreen,,US
swiggy,,https://careers.swiggy.com/#/careers,,India
swing-education,greenhouse,https://job-boards.greenhouse.io/swingeducation,,US
sword-health,lever,https://jobs.lever.co/swordhealth,,Portugal
swvl,smartrecruiters,https://careers.smartrecruiters.com/swvl,,
swyft,,https://www.swyftenergy.ie/careers,,Ireland
swyftx,greenhouse,https://www.swyftx.com/au/careers/,,Australia
syft-technologies,,https://syft.com/careers/,,New Zealand
symend,greenhouse,https://symend.com/careers/,,Canada
synamedia,,https://www.synamedia.com/careers/,,United Kingdom
synapse,smartrecruiters,https://careers.smartrecruiters.com/synapse,,
synapsefi,,,,United States
synapsica,,https://www.synapsica.com/careers,,India
synctera,ashby,https://jobs.ashbyhq.com/synctera,,US
synergysuite,,https://www.synergysuite.com/company/careers/,,Ireland
synlogic,,https://www.synlogictx.com/careers/,,United States
synopsys,smartrecruiters,https://careers.smartrecruiters.com/synopsys,,US
synthego,lever,https://jobs.lever.co/synthego,,US
syte,,https://www.syte.ai/company/careers/,,Israel
tabnine,,https://www.tabnine.com/careers/,,Israel
taboola,greenhouse,https://job-boards.greenhouse.io/taboola,,US
tackle,greenhouse,https://www.tackle.io/careers,,United States
tackle-io,greenhouse,https://www.tackle.io/careers,,United States
tada,,,,Philippines
tails-com,greenhouse,https://tails.com/careers,,United Kingdom
tailwind-labs,,,,United States
take-two,greenhouse,https://job-boards.greenhouse.io/taketwo,,US
take-two-interactive,greenhouse,https://job-boards.greenhouse.io/taketwo,,US
takeoff,,https://www.takeoff.com/careers,,United States
takl,,,,United States
talent-com,smartrecruiters,https://careers.smartrecruiters.com/talentcom,,Canada
talis-biomedical,,https://www.talis.bio/careers,,United States
talkdesk,ashby,https://jobs.ashbyhq.com/talkdesk,,US
talkwalker,lever,https://jobs.lever.co/talkwalker,,Luxembourg
tally,,https://www.tally.so/jobs,,Belgium
tamara-mellon,,https://www.tamaramellon.com/pages/careers,,United States
tanium,greenhouse,https://job-boards.greenhouse.io/tanium,,US
tapas-media,,https://careers.tapas.io/,,United States
tapps-games,,https://tappsgames.com/careers/,,Brazil
taskus,,https://www.taskus.com/careers/,,United States
taxbit,greenhouse,https://job-boards.greenhouse.io/taxbit,,US
taxfix,smartrecruiters,https://careers.smartrecruiters.com/taxfix,,Germany
tcr2,greenhouse,https://www.tcr2.com/careers,,United States
teachmint,,https://teachmint.com/careers,,India
teads,smartrecruiters,https://careers.smartrecruiters.com/Teads,,France
teampay,,,,United States
teamwork,smartrecruiters,https://careers.smartrecruiters.com/teamwork,,Ireland
techadvance,,,, 
techcrunch,greenhouse,https://job-boards.greenhouse.io/techcrunch,,US
techtarget,smartrecruiters,https://careers.smartrecruiters.com/techtarget,,US
tekion,greenhouse,https://job-boards.greenhouse.io/tekion,,US
teladoc-health,smartrecruiters,https://careers.smartrecruiters.com/teladochealth,,US
telenav,,https://www.telenav.com/company/careers,,United States
teleport,lever,https://jobs.lever.co/teleport,,US
tempo-automation,greenhouse,https://job-boards.greenhouse.io/tempo,,US
tempus-ex,,,,United States
ten-square-games,recruitee,https://tensquaregames.recruitee.com/,,Poland
tenable,,https://www.tenable.com/careers,,United States
tencent,,https://careers.tencent.com/en-us/home.html,,China
tenurex,,,, 
teradata,smartrecruiters,https://careers.smartrecruiters.com/teradata,,US
terminus,lever,https://jobs.lever.co/terminus,,US
tesla,,https://www.tesla.com/careers,,United States
tessera,greenhouse,https://www.tesseratherapeutics.com/careers,,US
textio,greenhouse,https://job-boards.greenhouse.io/textio,,US
textnow,lever,https://jobs.lever.co/textnow,,Canada
the-appraisal-lane,,,, 
the-athletic,lever,https://jobs.lever.co/theathletic,,US
the-gist,,,,Israel
the-good-glamm-group,,,,India
the-grommet,smartrecruiters,https://careers.smartrecruiters.com/thegrommet,,US
the-guild,greenhouse,https://job-boards.greenhouse.io/guild,,US
the-iconic,greenhouse,https://job-boards.greenhouse.io/theiconic,,
the-meet-group,,https://www.parshipmeet.com/en/careers/,,United States
the-messenger,,,,United States
the-modist,,,,United Arab Emirates
the-mom-project,,https://themomproject.com/careers,,United States
the-muse,,,,United States
the-org,,,,United States
the-predictive-index,,https://www.predictiveindex.com/company/careers-at-pi/,,United States
the-realreal,smartrecruiters,https://careers.smartrecruiters.com/therealreal,,US
the-sill,,https://www.thesill.com/pages/jobs,,United States
the-trade-desk,greenhouse,https://job-boards.greenhouse.io/thetradedesk,,US
the-wing,,,,United States
the-zebra,,,,United States
thegist,,,,Israel
thepeer,,,,Nigeria
theskimm,,,,United States
thewrap,,,,United States
thimble,,,,United States
thinx,,,,United States
thirdlove,greenhouse,https://www.thirdlove.com/pages/careers,,US
thirty-madison,greenhouse,https://job-boards.greenhouse.io/thirtymadison/jobs/7883819002,,US
thoughtspot,,,,United States
thoughtworks,,,,United States
thrasio,,,,United States
thread,,,,United Kingdom
thredup,,,,United States
thrive,rippling,https://ats.rippling.com/thriveglobal/jobs,,US
thriver,,,,Canada
thumbtack,ashby,https://careers.thumbtack.com/,,US
thursday,,,,United Kingdom
tia,greenhouse,https://asktia.com/careers/,,US
tibber,,,,Norway
tickertape,,,,India
ticketmaster,,,,United States
ticketswap,recruitee,https://jobs.ticketswap.com/,,Netherlands
tidal,,,,Norway
tidepool,,,,United States
tiendanube,workable,https://jobs.workable.com/company/3sgmN48zazqySs5jRG5CVR/jobs-at-tiendanube-|-nuvemshop,,
tier-mobility,greenhouse,https://job-boards.greenhouse.io/tiermobility/jobs/5383419004?gh_src=9a5f5aed4us,,Germany
tifin,,,,United States
tiki,,,,Vietnam
tiktok,,https://careers.tiktok.com/,,China
tiktok-india,,https://careers.tiktok.com/,,China
tilia,greenhouse,https://job-boards.greenhouse.io/tilia,,US
till-payments,,,,Australia
tilting-point,,,,United States
times-internet,,,,India
tipalti,,,,United States
titan-medical,,,,Canada
toast,greenhouse,https://careers.toasttab.com/,,US
tokopedia,,,,Indonesia
tome,,,,United States
tome-biosciences,,,,United States
tomo,ashby,https://tomo.com/mortgage/careers,,US
tomorrow,greenhouse,https://www.tomorrow.io/careers/,,US
tomtom,,,,Netherlands
tonal,ashby,https://tonal.com/pages/careers,,US
tonik,,,,Philippines
tonkean,lever,https://jobs.lever.co/tonkean,,US
tools-for-humanity,ashby,https://www.toolsforhumanity.com/careers,,US
toothsi,,,,India
toplyne,,,,United States
toppr,workable,https://apply.workable.com/toppr/,,
toptal,,,,United States
tor,,,,United States
torii,greenhouse,https://www.toriihq.com/careers,,US
toshiba,,,,Japan
totango,,,,United States
toucan,,,,United Kingdom
tract,,,,United States
tractable,greenhouse,https://tractable.ai/careers/,,UK
tractive,,,,Austria
trade-republic,,,,Germany
tradewindow,,,,New Zealand
transmit-security,greenhouse,https://transmitsecurity.com/about/careers,,US
travelbank,,,,United States
traveloka,,,,Indonesia
traveltriangle,workable,https://apply.workable.com/traveltriangle-dot-com/,,
trax,,,,Singapore
tray-io,,,,United States
treasure-financial,,,,United States
treasury-prime,greenhouse,https://job-boards.greenhouse.io/treasuryprime,,US
treehouse,,,,United States
trell,,,,India
trellix,,,,United States
trend-micro,,,,Japan
trendsales,,,,Denmark
tricida,,,,United States
trigo,,,,Israel
tripactions,,,,United States
tripadvisor,greenhouse,https://job-boards.greenhouse.io/tripadvisor/jobs/6332870,,US
tripbam,,,,United States
triplebyte,,,,United States
triplelift,greenhouse,https://triplelift.com/careers/,,US
tripwire,,,,United States
trivago,greenhouse,https://careers.trivago.com/apply/?gh_jid=4431832002&gh_src=fca99a7d2,,Germany
tropic,gem,https://jobs.gem.com/tropic,,US
trove-recommerce,greenhouse,https://job-boards.greenhouse.io/trove/jobs/8564826002,,US
truck-it-in,,,,Pakistan
truckstop-com,,,,United States
true-anomaly,greenhouse,https://www.trueanomaly.space/careers,,US
truecaller,greenhouse,https://job-boards.greenhouse.io/truecaller,,Sweden
truecar,greenhouse,https://www.truecar.com/careers/,,US
truelayer,workable,https://apply.workable.com/truelayer/,,UK
truepill,greenhouse,https://job-boards.greenhouse.io/truepill,,US
truiloo,,,,Canada
truss-works,,,,United States
trustly,lever,https://jobs.lever.co/trustly/,,Sweden
trybe,workable,https://apply.workable.com/trybe-2/,,
tufin,smartrecruiters,https://careers.smartrecruiters.com/tufin,,
tuft-needle,,,,United States
tul,,,,Mexico
turnitin,smartrecruiters,https://careers.smartrecruiters.com/TurnitinLLC/,,US
turntide,,,,United States
turso,,,,United States
tusimple,,,,United States
tutormundi,,,,Brazil
twelve,ashby,https://jobs.ashbyhq.com/twelve,,US
twig,,,,United Kingdom
twiga,,,,Kenya
twine-solutions,,,,Israel
twinstrand,,,,United States
twist-bioscience,greenhouse,https://www.twistbioscience.com/company/careers/openings,,US
twitter,,https://careers.x.com/,,United States
typeform,greenhouse,https://www.typeform.com/careers,,Spain
tytocare,,,,Israel
tzero,,,,United States
ual,,,,United Kingdom
uber,,,,United States
uber-freight,greenhouse,https://www.uberfreight.com/en-US/careers,,US
uberflip,lever,https://jobs.lever.co/uberflip,,Canada
udaan,,,,India
udacity,greenhouse,https://job-boards.greenhouse.io/udacity,,US
udayy,,,,India
udemy,greenhouse,https://job-boards.greenhouse.io/udemy,,US
uipath,ashby,https://jobs.ashbyhq.com/uipath,,US
ukg,,,,United States
ula,,,,United States
uleet,,,,India
una-brands,,,,Singapore
unacademy,smartrecruiters,https://careers.smartrecruiters.com/Unacademy,,
unbabel,,,,Portugal
uncapped,,,,United Kingdom
unchained-capital,rippling,https://www.unchained.com/careers,,US
unico,,,,Brazil
uniphore,,,,United States
unit,ashby,https://jobs.ashbyhq.com/unit,,US
unite-us,,,,United States
unity,,,,United States
universal-standard,,,,United States
uno-health,greenhouse,https://boards.greenhouse.io/unohealth,,US
unstoppable-domains,,,,United States
upgrad,,,,India
upscalio,,,,India
upshow,,,,United States
upside-foods,,,,United States
upstart,greenhouse,https://job-boards.greenhouse.io/upstart,,US
upwork,greenhouse,https://job-boards.greenhouse.io/upwork,,US
urban-sports-club,greenhouse,https://culture.urbansportsclub.com/en/jobs,,Germany
ursa-major,,,,United States
usermind,,,,United States
usertesting,,,,United States
uship,,,,United States
utopia-music,,,,Switzerland
vacasa,greenhouse,https://www.vacasa.com/careers,,US
vah-vah,,,,India
validity,,,,United States
vallai,,,,India
vanhack,,,,Canada
varo,,,,United States
varonis,,,,United States
vedanta-biosciences,,,,United States
vedantu,,,,India
vee,,,,Australia
veeam,greenhouse,https://careers.veeam.com/,,US
veem,,,,United States
veev,,,,United States
veho,ashby,https://www.shipveho.com/careers,,US
velo3d,lever,https://jobs.lever.co/velo3d,,US
velocity,ashby,https://jobs.ashbyhq.com/velocity,,
velodyne-lidar,,,,United States
venafi,,,,United States
vendr,rippling,https://ats.rippling.com/en-CA/vendr/jobs,,US
venminder,ashby,https://www.ncontracts.com/careers,,US
venngage,,,,Canada
verbit,,,,United States
verily,,,,United States
verint-systems,,,,United States
veritone,,,,United States
verse,greenhouse,https://job-boards.greenhouse.io/verse,,Spain
verse-innovation,,,,India
verticalscope,,,,Canada
vesalius-therapeutics,greenhouse,https://boards.greenhouse.io/vesalius/,,US
veson-nautical,,,,United States
vesta,ashby,https://www.vesta.com/careers,,US
vesttoo,,,,Israel
vezeeta,,,,Egypt
vial,,,,United States
viamo,,,,Canada
viant,,,,United States
viaplay,,,,Sweden
viasat,,,,United States
viber,,,,Luxembourg
vibrent-health,,,,United States
vicarious-surgical,,,,United States
vice-media,,,,United States
videoamp,greenhouse,https://job-boards.greenhouse.io/videoamp,,US
view,,,,United States
vimeo,,,,United States
vinfast-us,,,,Vietnam
vipps,,,,Norway
virgin-hyperloop,,,,United States
virgio,,,,India
virta-health,ashby,https://www.virtahealth.com/careers,,US
virtudent,greenhouse,https://virtudent.com/careers/,,US
vise,greenhouse,https://vise.com/careers,,US
vista-group,workable,https://apply.workable.com/vista-group/,,
vivian-health,ashby,https://www.vivian.com/careers/,,US
vmware,smartrecruiters,https://careers.smartrecruiters.com/Vmware2,,US
voi,,,,Sweden
volt-bank,,,,Australia
volta,,,,United States
volta-trucks,,,,Sweden
voly,,,,Australia
vowel,,,,United States
vox-media,greenhouse,https://www.voxmedia.com/jobs/,,US
voyage-sms,lever,https://www.voyagesms.com/careers,,US
vrchat,lever,https://hello.vrchat.com/careers,,US
vroom,,,,United States
vsco,greenhouse,https://www.vsco.co/about/careers,,US
vtex,greenhouse,https://job-boards.greenhouse.io/vtex,,
vtrips,,,,United States
wahoo-fitness,,,,United States
walkme,lever,https://www.walkme.com/careers/,,US
wallbox,workable,https://jobs.workable.com/company/21FrtqYGHSH6dhqTgPhXJM/jobs-at-wallbox,,Spain
walnut,,,,Israel
wanderjaunt,,,,United States
warby-parker,,,,United States
warren,,,,United States
wave-financial,lever,https://www.waveapps.com/about-us/culture,,Canada
wave-sports-and-entertainment,,,,United States
wavely,,,,France
waycool,,,,India
wayflyer,ashby,https://wayflyer.com/careers,,Ireland
waymo,,,,United States
waze,,,,Israel
wazirx,,,,India
wedoctor,,,,China
weedmaps,greenhouse,https://weedmaps.com/careers,,US
weee,greenhouse,https://www.weee.com/en/company/careers,,US
wefit,,,,Brazil
wefox,,,,Germany
wejo,,,,United Kingdom
welkin-health,,,,United States
welltech,ashby,https://welltech.com/career/,,UK
western-digital,smartrecruiters,https://www.westerndigital.com/careers,,US
westwing,,,,Germany
wetrade,,,,Singapore
wetransfer,,,,Netherlands
wework,,,,United States
wex,,,,United States
whatfix,,,,United States
wheel,ashby,https://www.wheel.com/careers/,,US
when-i-work,,,,United States
whereby,lever,https://whereby.com/information/careers/,,Norway
whispir,,,,Australia
whitehat-jr,,,,India
whoop,,,,United States
whyhive,,,,Singapore
whyhotel,,,,United States
wildlife-studios,greenhouse,https://careers.wildlifestudios.com/,,
willow,,,,Australia
willowtree,greenhouse,https://job-boards.greenhouse.io/willowtree,,US
windsurf,ashby,https://jobs.ashbyhq.com/cognition,,US
wing-cloud,,,,United States
wint-wealth,,,,India
wise,smartrecruiters,https://wise.jobs/,,UK
wisense,,,,Israel
wisetech,,https://www.wisetechglobal.com/careers/join-us/,,Australia
wish,,https://www.wish.com/careers,,United States
wistia,ashby,https://wistia.com/jobs,,US
wix,,,,Israel
wizeline,greenhouse,https://www.wizeline.ai/careers/,,United States
wonder,,,,United States
wonderschool,greenhouse,https://www.wonderschool.com/corp/careers,,US
wondery,,https://wondery.com/careers/,,United States
wonolo,gem,https://info.wonolo.com/careers/,,US
wordstream,workable,https://apply.workable.com/wordstream/,,US
workable,workable,https://apply.workable.com/careers/,,US
workato,greenhouse,https://www.workato.com/careers,,US
workday,,https://workday.wd5.myworkdayjobs.com/Workday,,United States
workfellow,,,,Finland
workfront,,https://careers.adobe.com/us/en/search-results?keywords=Workfront,,United States
workhuman,,https://www.workhuman.com/company/careers/,,Ireland
workit-health,greenhouse,https://www.workithealth.com/careers/,,US
workmotion,workable,https://workmotion.com/careers/,,Germany
workramp,greenhouse,https://www.workramp.com/company/careers,,United States
workrise,greenhouse,https://www.workrise.com/careers,,United States
worksmith,,,,United States
workstream,greenhouse,https://www.workstream.us/careers,,US
woven,lever,https://jobs.lever.co/woven-by-toyota,,
wsc,,,,United States
wyre,workable,https://apply.workable.com/wyre/?lng=en,,US
xentral,lever,https://xentral.com/en/jobs,,Germany
xero,greenhouse,https://www.xero.com/careers/,,New Zealand
xerox,,https://www.xerox.com/en-us/jobs,,United States
xerpa,,,,Spain
xiaohongshu,,https://job.xiaohongshu.com/,,China
xiaomi,,https://hr.xiaomi.com/,,China
xiaomi-india,,https://xiaomi.jobs.net.in/,,China
xing,,https://career.new-work.se/en/,,Germany
xolo,workable,https://apply.workable.com/xolo-careers/,,Estonia
xp,greenhouse,https://www.xpinc.com/carreiras/,,
xsight-labs,,https://www.xsightlabs.com/company/careers/,,Israel
yabonza,,,,United States
yahoo,greenhouse,https://www.yahooinc.com/careers,,United States
yapily,workable,https://www.yapily.com/company/careers,,UK
yellow-ai,greenhouse,https://yellow.ai/careers/,,United States
yext,greenhouse,https://job-boards.greenhouse.io/yext,,US
yield-guild-games,lever,https://www.yieldguild.io/careers,,Philippines
ynsect,,,,France
yoco,greenhouse,https://www.yoco.com/za/careers,,South Africa
yojak,,,,South Korea
yolo-group,,https://www.yolo.com/careers,,Estonia
yonder,greenhouse,https://www.yonderhq.com/careers,,United Kingdom
yotpo,greenhouse,https://www.yotpo.com/careers/,,
yourgrocer,,,,Australia
youtube,,https://www.google.com/about/careers/applications/jobs/results/?q=YouTube,,United States
yuga-labs,greenhouse,https://yugalabs.com/careers,,United States
yummly,,https://www.whirlpoolcareers.com/,,United States
yupp,,,,United States
zak,,,,United Kingdom
zalando,,https://jobs.zalando.com/en/,,Germany
zap-africa,,,,Nigeria
zapata-computing,greenhouse,https://www.zapatacomputing.com/careers/,,United States
zapp,workable,https://apply.workable.com/zapp/,,United Kingdom
zappos,,https://www.zapposjobs.com/,,United States
zazuu,,,,United Kingdom
zebra-technologies,,https://careers.zebra.com/,,United States
zeen,,,,United States
zego,ashby,https://jobs.ashbyhq.com/zego,,UK
zeitgold,,,,Germany
zenbusiness,greenhouse,https://www.zenbusiness.com/careers/,,US
zencity,greenhouse,https://zencity.com/careers/,,Israel
zenefits,smartrecruiters,https://careers.smartrecruiters.com/Zenefits,,US
zenius,,,,Indonesia
zenjob,ashby,https://jobs.ashbyhq.com/zenjob,,Germany
zenledger,greenhouse,https://zenledger.io/careers/,,United States
zenoti,greenhouse,https://www.zenoti.com/company/careers,,US
zeplin,greenhouse,https://jobs.ashbyhq.com/zeplin,,Turkey
zepto,,https://careers.zeptonow.com/,,India
zepz,greenhouse,https://www.zepz.com/careers,,United Kingdom
zerto,,https://careers.hpe.com/us/en/search-results?keywords=Zerto,,Israel
zest-ai,greenhouse,https://www.zest.ai/careers,,United States
zestmoney,,https://zestmoney.hire.trakstar.com/,,India
zeus-living,greenhouse,https://www.zeusliving.com/careers,,United States
zhihu,,https://app.mokahr.com/social-recruitment/zhihu,,China
zilch,ashby,https://jobs.ashbyhq.com/zilch,,UK
zilingo,,,,Singapore
zillow,greenhouse,https://www.zillow.com/careers/,,United States
zinier,greenhouse,https://www.zinier.com/careers,,United States
zipcar,,https://www.zipcar.com/careers,,United States
ziprecruiter,greenhouse,https://job-boards.greenhouse.io/ziprecruiter,,US
ziroom,,https://special.ziroom.com/zr-zhaopin/index.html,,China
zoe,ashby,https://jobs.ashbyhq.com/zoe,,UK
zola,greenhouse,https://www.zola.com/about/jobs,,US
zomato,,https://www.zomato.com/careers,,India
zonar-systems,,,,United States
zondacrypto,,https://zondacrypto.com/en/careers,,Poland
zoom,,https://careers.zoom.us/home,,United States
zoominfo,greenhouse,https://www.zoominfo.com/careers,,US
zoomo,greenhouse,https://www.ridezoomo.com/careers,,Australia
zoopla,workable,https://apply.workable.com/zoopla/,,UK
zopper,,https://careers.zopper.com/,,India
zscaler,greenhouse,https://job-boards.greenhouse.io/zscaler,,US
zulily,,,,United States
zum,greenhouse,https://www.ridezum.com/careers,,United States
zume,,,,United States
zumper,greenhouse,https://www.zumper.com/careers,,United States
zuora,greenhouse,https://boards.greenhouse.io/zuora,,US
zupee,,https://zupee.com/careers/,,India
zwift,greenhouse,https://www.zwift.com/careers,,US
zylo,greenhouse,https://zylo.com/careers/,,United States
zymergen,,,,United States
zywave,,https://www.zywave.com/about/careers/,,United States
